regime,comparison,portfolio,system_cost_jpy,physical_discard_kg,packaging_mass_kg,regret_jpy
baseline,minimum_point_estimate_1_sku,9,86272.47454554224,0.7554043665973891,0.5366372582483311,290.8827453579288
baseline,minimum_point_estimate_2_sku,5|10,85981.59180018431,0.27281022365699936,0.5404661966433969,0.0
baseline,minimum_point_estimate_3_sku,5|9|10,86124.82908590129,0.22601404635136013,0.5427628558954029,143.23728571698302
baseline,benchmark_market_portfolio,2|5|10,86161.59180018431,0.27281022365699936,0.5404661966433969,180.0
full_carry_no_spoilage,minimum_point_estimate_1_sku,10,85517.1763682384,0.0,0.506818249726632,0.0
full_carry_no_spoilage,minimum_point_estimate_2_sku,9|10,85670.6015476058,0.0,0.5123815497030266,153.42517936739023
full_carry_no_spoilage,minimum_point_estimate_3_sku,5|9|10,85850.44349276702,0.0,0.5220887294492097,333.2671245286183
full_carry_no_spoilage,benchmark_market_portfolio,2|5|10,85863.65118985545,0.0,0.5190678457088281,346.474821617041
perfect_final_batch_adaptation,minimum_point_estimate_1_sku,9,86298.64534110154,0.6972526312182683,0.5364500046343472,264.45338698115665
perfect_final_batch_adaptation,minimum_point_estimate_2_sku,5|10,86034.19195412038,0.23050708902158476,0.5401816731216831,0.0
perfect_final_batch_adaptation,minimum_point_estimate_3_sku,5|9|10,86181.3566716976,0.1864821744241601,0.5424740951343184,147.1647175772232
perfect_final_batch_adaptation,benchmark_market_portfolio,2|5|10,86214.19195412038,0.23050708902158476,0.5401816731216831,180.0
zero_sku_complexity,minimum_point_estimate_1_sku,9,86272.47454554224,0.7554043665973891,0.5366372582483311,507.6454596409458
zero_sku_complexity,minimum_point_estimate_2_sku,5|10,85801.59180018431,0.27281022365699936,0.5404661966433969,36.762714283016976
zero_sku_complexity,minimum_point_estimate_3_sku,5|9|10,85764.82908590129,0.22601404635136013,0.5427628558954029,0.0
zero_sku_complexity,benchmark_market_portfolio,2|5|10,85801.59180018431,0.27281022365699936,0.5404661966433969,36.762714283016976
high_sku_complexity,minimum_point_estimate_1_sku,9,86272.47454554224,0.7554043665973891,0.5366372582483311,0.0
high_sku_complexity,minimum_point_estimate_2_sku,5|10,86701.59180018431,0.27281022365699936,0.5404661966433969,429.1172546420712
high_sku_complexity,minimum_point_estimate_3_sku,5|9|10,87564.82908590129,0.22601404635136013,0.5427628558954029,1292.3545403590542
high_sku_complexity,benchmark_market_portfolio,2|5|10,87601.59180018431,0.27281022365699936,0.5404661966433969,1329.1172546420712
packaging_logistics_dominant,minimum_point_estimate_1_sku,10,89528.22821693539,0.989987944930005,0.5126918547056435,16.552399013657123
packaging_logistics_dominant,minimum_point_estimate_2_sku,5|10,89511.67581792173,0.5746517013475304,0.5227608152075607,0.0
packaging_logistics_dominant,minimum_point_estimate_3_sku,5|9|10,89634.33281200685,0.44917210647315603,0.5270391066725468,122.65699408511864
packaging_logistics_dominant,benchmark_market_portfolio,2|5|10,89691.67581792173,0.5746517013475304,0.5227608152075607,180.0
consumer_inconvenience_dominant,minimum_point_estimate_1_sku,9,87002.87635977834,0.7554043665973891,0.5366372582483311,521.9897633634391
consumer_inconvenience_dominant,minimum_point_estimate_2_sku,5|9,86480.8865964149,0.21249392823530483,0.5602975415126986,0.0
consumer_inconvenience_dominant,minimum_point_estimate_3_sku,4.5|5|9,86644.68961181008,0.17828102842540167,0.5622188118164042,163.80301539518405
consumer_inconvenience_dominant,benchmark_market_portfolio,2|5|10,86792.31085371162,0.14702951540512102,0.5616086629039045,311.4242572967196
no_discrete_consumption_quantum,minimum_point_estimate_1_sku,9,86381.56895548275,0.754890693164031,0.5379353000559841,294.9303179347917
no_discrete_consumption_quantum,minimum_point_estimate_2_sku,5|10,86086.63863754796,0.2733683471683258,0.5409042331942921,0.0
no_discrete_consumption_quantum,minimum_point_estimate_3_sku,5|9|10,86230.44155060803,0.22660666420648296,0.5433182000527367,143.80291306006256
no_discrete_consumption_quantum,benchmark_market_portfolio,2|5|10,86266.63863754796,0.2733683471683258,0.5409042331942921,180.0
randomized_non_lattice_usage,minimum_point_estimate_1_sku,9,86405.42492050031,0.7541079365627882,0.5376209763962579,295.62120530963875
randomized_non_lattice_usage,minimum_point_estimate_2_sku,5|10,86109.80371519068,0.2711863402475284,0.5409095130469044,0.0
randomized_non_lattice_usage,minimum_point_estimate_3_sku,5|9|10,86253.61029456652,0.2246185525438127,0.5432409609507817,143.80657937584328
randomized_non_lattice_usage,benchmark_market_portfolio,2|5|10,86289.80371519068,0.2711863402475284,0.5409095130469044,180.0
continuous_no_spoilage,minimum_point_estimate_1_sku,10,85623.27512556953,0.0,0.5073521352577108,0.0
continuous_no_spoilage,minimum_point_estimate_2_sku,9|10,85779.18068356675,0.0,0.5128185386411355,155.90555799721915
continuous_no_spoilage,minimum_point_estimate_3_sku,5|9|10,85957.81643512272,0.0,0.5225287171093789,334.54130955318396
continuous_no_spoilage,benchmark_market_portfolio,2|5|10,85970.54609947371,0.0,0.5196851647423413,347.27097390417475
