annual_consumption_multiplier,weighted_annual_consumption_kg,minimum_scenario_annual_consumption_kg,maximum_scenario_annual_consumption_kg,best_one_sku_portfolio,best_two_sku_portfolio,best_three_sku_portfolio,global_optimal_sku_count,global_optimal_portfolio,global_system_cost_jpy,global_physical_discard_kg,global_packaging_mass_kg,benchmark_regret_jpy,one_to_two_break_even_complexity_jpy,two_to_three_break_even_complexity_jpy
0.5,51.108425,16.0,106.8,5,4.5|10,3|5|10,2,4.5|10,43974.850007520115,0.5108044643234458,0.3075581773394507,114.1893927447818,605.780348630331,87.84429067432211
0.6,61.33010999999999,19.2,128.16,9,4.5|10,3|5|10,2,4.5|10,52420.98255090343,0.5211151386725151,0.3463123930976237,173.15036646475346,693.7808859870347,54.03679383001145
0.7,71.55179499999998,22.4,149.51999999999998,9,5|10,3|5|10,2,5|10,60726.63060298918,0.43045497900254803,0.39568080785451404,180.0,618.3284214610248,44.11345891926612
0.8,81.77348,25.6,170.88,9,5|10,4.5|9|10,2,5|10,69260.87991710135,0.3047911783608064,0.4508531937865632,180.0,543.900958821454,54.655370626511285
0.9,91.995165,28.8,192.24,9,5|10,5|9|10,2,5|10,77666.50548128012,0.37591110578910186,0.4883728875500422,180.0,501.58198092202656,54.439892637194134
1.0,102.21685,32.0,213.6,9,5|10,5|9|10,2,5|10,86161.42901097813,0.26812475653826895,0.5412666229008657,180.0,474.2591118437267,33.78655290955794
1.1,112.438535,35.2,234.96,9,5|10,5|9|10,2,5|10,94624.5826675215,0.19306798617018284,0.5945393306010778,180.0,442.1216393982904,26.881292614809354
1.2,122.66021999999998,38.4,256.32,10,5|10,5|9|10,2,5|10,103062.39452759878,0.13777114272818902,0.6482718343038566,180.0,390.4482365050062,17.223796598496847
1.3,132.881905,41.6,277.68,10,5|10,5|9|10,2,5|10,111437.77589858988,0.09486106879573042,0.701350317931427,180.0,308.38626990199555,46.220912995471735
1.4,143.10358999999997,44.8,299.03999999999996,10,5|10,5|9|10,2,5|10,120087.14986983749,0.2163442902279887,0.7296399426346223,180.0,262.39186006259115,56.64452224512934
1.5,153.32527499999998,48.0,320.4,10,5|10,5|9|10,2,5|10,128618.86067456796,0.15970852613206835,0.7812945449002089,180.0,231.54422136938956,49.9297172841907
