package_kg,metric,continuous_no_spoilage,lattice_main_at_no_spoilage,spoilage_main_under_continuous,lattice_spoilage_interaction,discrete_with_spoilage
1.8,generalized_cost_jpy,94401.08746084654,-141.98863971237733,0.018655620893696323,2.9260963329288643,94262.04357308798
1.8,physical_discard_kg,0.0,0.0,4.5096269682693e-05,-6.6700160958441015e-06,3.84262535868489e-05
1.8,purchases,56.76291753472222,-0.06522309027776885,0.0,0.0003307291666629908,56.698025173611114
1.8,packaging_mass_kg,1.210046060308904,-0.0013903961751704497,0.0,7.050333959757182e-06,1.2086627144676934
1.8,storage_kg_days,313.7160542082689,-11.024803520113608,0.0026606953543364398,0.9115976427875694,303.60550902629717
1.8,mean_age_at_consumption_days,4.645339520703646,-0.11236923555937839,5.67345736310898e-05,0.0284173527931042,4.561444372511003
1.8,product_cost_jpy,87079.1134274535,-107.23926692128589,0.038432795758126304,-0.00661430302716326,86971.90597902494
1.8,unmet_demand_cost_jpy,0.8502213871001619,-0.004371777725161952,0.0,0.0018548258961859077,0.8477044352711859
1.8,purchase_event_cost_jpy,6811.550104166667,-7.826770833333285,0.0,0.03968750000058208,6803.763020833334
1.8,packaging_cost_jpy,423.5161211081165,-0.4866386613098257,0.0,0.002467616885951429,423.03195006369265
1.8,storage_cost_jpy,25.097284336661506,-0.8819842816090819,0.00021285562834805205,0.07292781142299987,24.288440722103772
1.8,freshness_cost_jpy,0.009117498654499692,-0.002641091277323258,-0.00014628048713415456,0.0012676734036929406,0.00759780029373522
1.8,handling_cost_jpy,0.0,0.0,0.0,0.0,0.0
1.8,adaptation_cost_jpy,60.95118489583333,-25.54696614583333,-0.019843749999999716,2.814505208333337,38.198880208333335
2.0,generalized_cost_jpy,93463.87456520632,-124.83362519796356,0.23642709020350594,1.6502640047838213,93340.92763110335
2.0,physical_discard_kg,0.0,0.0,0.00014974711729085985,2.5194289415917802e-05,0.00017494140670677765
2.0,purchases,51.09536848958333,-0.07293185763888488,0.0003307291666700962,-7.105427357601002e-15,51.02276736111111
2.0,packaging_mass_kg,1.1387425231362727,-0.0016254038289527095,7.370831777153697e-06,0.0,1.137124490139097
2.0,storage_kg_days,350.2941851036314,-3.6579506168760645,-0.005574910662801358,0.4460103627307035,347.0766699388232
2.0,mean_age_at_consumption_days,5.186254704317078,-0.035194090389149224,-0.00043992997122188626,0.01405374365422496,5.164674427610932
2.0,product_cost_jpy,86850.47690267529,-107.10132704595162,0.12748811303754337,0.022764966153772548,86743.52582870853
2.0,unmet_demand_cost_jpy,0.5455091914136156,0.021028351989162086,0.0014143947469680285,-0.000989943056654341,0.5669619950930914
2.0,purchase_event_cost_jpy,6131.444218749999,-8.751822916665333,0.03968750000058208,-9.094947017729282e-13,6122.732083333333
2.0,packaging_cost_jpy,398.55988309769555,-0.5688913401335185,0.0025797911220024616,0.0,397.99357154868403
2.0,storage_cost_jpy,28.023534808290506,-0.2926360493500759,-0.0004459928530238244,0.03568082901845315,27.76613359510586
2.0,freshness_cost_jpy,0.030163385008528023,0.0030142535486880097,-0.0004425491814889007,0.0020008609995471674,0.0347359503752743
2.0,handling_cost_jpy,0.0,0.0,0.0,0.0,0.0
2.0,adaptation_cost_jpy,54.79435329861111,-8.14299045138889,0.06614583333333712,1.590807291666664,48.30831597222222
2.1,generalized_cost_jpy,93052.61548586303,-136.7946932091727,0.19506760319927707,5.647409673314542,92921.66326993037
2.1,physical_discard_kg,0.0,0.0,0.0002823462474644338,7.759606246199758e-06,0.0002901058537106336
2.1,purchases,48.652190538194446,-0.05617187500000398,0.0,0.001322916666666174,48.59734157986111
2.1,packaging_mass_kg,1.1072726249293852,-0.001278412724903255,0.0,3.0108190275601743e-05,1.1060243203947575
2.1,storage_kg_days,368.34385818489807,-10.945977953491138,0.029106322342954627,1.8928208333280736,359.31980738707796
2.1,mean_age_at_consumption_days,5.449664155090003,-0.10728991824052336,0.0006028567394729123,0.0591104560991873,5.40208754968814
2.1,product_cost_jpy,86744.30043717283,-106.67167837555462,0.2354166525619803,0.0061384288856061175,86637.87031387872
2.1,unmet_demand_cost_jpy,0.7248542019435881,0.07882743868141195,0.014157934318838938,-0.004141267488534495,0.8136983074553045
2.1,purchase_event_cost_jpy,5838.262864583334,-6.740625000000364,0.0,0.15874999999959982,5831.680989583333
2.1,packaging_cost_jpy,387.5454187252849,-0.4474444537162299,0.0,0.010537866596564527,387.1085121381652
2.1,storage_cost_jpy,29.467508654791843,-0.8756782362792919,0.002328505787438928,0.15142566666624546,28.745584590966235
2.1,freshness_cost_jpy,0.05676797626361938,-0.008385380976656573,-0.000611531161361506,0.009881270383693755,0.05765233450929506
2.1,handling_cost_jpy,0.0,0.0,0.0,0.0,0.0
2.1,adaptation_cost_jpy,52.25763454861111,-22.129709201388888,-0.05622395833333371,5.3148177083333366,35.38651909722222
2.25,generalized_cost_jpy,92498.6061632732,-135.1219726199488,0.532384797159466,5.453956568511785,92369.47053201892
2.25,physical_discard_kg,0.0,0.0,0.0006645460297492372,2.5353585489990785e-05,0.000689899615239228
2.25,purchases,45.41512934027777,-0.05400130208332854,0.0,0.0,45.361128038194444
2.25,packaging_mass_kg,1.0651501973956607,-0.0012665272214182899,0.0,0.0,1.0638836701742425
2.25,storage_kg_days,395.74140380037204,-11.14910098985797,-0.03513930024769252,1.8075578419334875,386.36472135219987
2.25,mean_age_at_consumption_days,5.855517333255504,-0.11533787776279336,-0.0015965328111775534,0.05630430216458748,5.7948872248461205
2.25,product_cost_jpy,86594.64369953185,-106.6923235891154,0.5649866761232261,0.005406486612628214,86488.52176910547
2.25,unmet_demand_cost_jpy,0.5869504747466538,-0.10738667266332047,0.005976916888884354,0.023578899091426297,0.509119618063644
2.25,purchase_event_cost_jpy,5449.815520833333,-6.480156249999709,0.0,0.0,5443.335364583333
2.25,packaging_cost_jpy,372.8025690884813,-0.44328452749630287,0.0,0.0,372.359284560985
2.25,storage_cost_jpy,31.65931230402976,-0.8919280791886273,-0.0028111440198088644,0.14460462735467416,30.909177708176
2.25,freshness_cost_jpy,0.13467354078384508,-0.016993327889013796,-0.0026947351782226348,0.02177280546979908,0.13675828318640773
2.25,handling_cost_jpy,0.0,0.0,0.0,0.0,0.0
2.25,adaptation_cost_jpy,48.9634375,-20.48990017361111,-0.033072916666661456,5.258593749999996,33.69905815972222
2.4,generalized_cost_jpy,92004.0721041719,-134.30314783168433,0.9557953356561484,4.736300804521306,91875.46105248039
2.4,physical_discard_kg,0.0,0.0,0.0012870361780724171,0.00012067466360518369,0.0014077108416776008
2.4,purchases,42.57739713541667,-0.05447743055555776,0.0,-0.001322916666666174,42.521596788194444
2.4,packaging_mass_kg,1.0275227557106736,-0.001314706941583088,0.0,-3.192602343871087e-05,1.0261761227456518
2.4,storage_kg_days,422.97836803374435,-10.687913181867714,0.039528721605279316,1.5680241847817342,413.89800775826365
2.4,mean_age_at_consumption_days,6.258751021892464,-0.11189395691209203,-0.00013438657575193247,0.04955980810991356,6.196282486514534
2.4,product_cost_jpy,86454.31650769373,-106.28825995320221,1.096612804045435,0.0893816278403392,86349.21424217241
2.4,unmet_demand_cost_jpy,0.9055445977354156,-0.4259807956520823,-0.015306687507242067,0.033622558676633774,0.49787967325272503
2.4,purchase_event_cost_jpy,5109.2876562500005,-6.537291666667443,0.0,-0.15875000000050932,5102.591614583333
2.4,packaging_cost_jpy,359.6329644987358,-0.4601474295541834,0.0,-0.01117410820359055,359.16164296097804
2.4,storage_cost_jpy,33.838269442699556,-0.8550330545494234,0.0031622977284229137,0.12544193478254329,33.1118406206611
2.4,freshness_cost_jpy,0.2623552653775366,-0.013552987622766965,-0.006303286921488127,0.03749233305802757,0.2799913238913091
2.4,handling_cost_jpy,0.0,0.0,0.0,0.0,0.0
2.4,adaptation_cost_jpy,45.828806423611105,-19.722881944444442,-0.12236979166666373,4.620286458333332,30.603841145833332
3.0,generalized_cost_jpy,90457.31612271159,-127.5565325163625,8.888541380365496,2.5194302860763855,90341.16756186167
3.0,physical_discard_kg,0.0,0.0,0.009705708625109931,2.910675560529978e-05,0.009734815380715231
3.0,purchases,34.05921831597222,-0.04096093749998886,0.005291666666664696,-0.0029765625000095497,34.02057248263888
3.0,packaging_mass_kg,0.9100880079314,-0.0010945071512369342,0.00014139732540630057,-7.953599554111346e-05,0.9090553621100282
3.0,storage_kg_days,532.492330023575,-10.515149935898307,0.07850259182566788,1.0432139778390592,523.0988966573415
3.0,mean_age_at_consumption_days,7.876378170281862,-0.10570843818343967,-0.008642564234326855,0.03189190364678929,7.793919071510885
3.0,product_cost_jpy,85969.94543133138,-105.91558840541984,8.184025771086453,-0.019615584242274053,85872.1942531128
3.0,unmet_demand_cost_jpy,0.5057676815428584,0.023877500748808234,-0.061278924567037485,0.11809287662610773,0.5864591343507369
3.0,purchase_event_cost_jpy,4087.1061979166666,-4.9153124999998,0.6349999999997635,-0.3571874999997817,4082.4686979166668
3.0,packaging_cost_jpy,318.53080277599,-0.38307750293296294,0.04948906389216745,-0.027837598439361955,318.16937673850987
3.0,storage_cost_jpy,42.59938640188601,-0.8412119948718626,0.006280207346051725,0.08345711822711621,41.84791173258731
3.0,freshness_cost_jpy,1.9726989305157576,-0.07559287776960177,-0.053959112388460406,0.08330222390521347,1.926449164262909
3.0,handling_cost_jpy,0.0,0.0,0.0,0.0,0.0
3.0,adaptation_cost_jpy,36.65583767361111,-15.44962673611111,0.1289843749999946,2.639218750000005,23.9744140625
4.5,generalized_cost_jpy,88183.37123922922,-119.77622764906846,72.01796534561436,4.554465229884954,88140.16744215565
4.5,physical_discard_kg,0.0,0.0,0.08475627411727195,-0.00024823044300642527,0.08450804367426552
4.5,purchases,22.706345052083332,-0.02729991319444025,0.01918229166666663,-0.0006614583333366397,22.697565972222222
4.5,packaging_mass_kg,0.7386630173749194,-0.0008880969706056563,0.0006240215856037068,-2.1517985710484133e-05,0.7383774240042069
4.5,storage_kg_days,806.2751746170227,-11.120513732978793,0.5189265145495483,3.2376536211024813,798.9112410196959
4.5,mean_age_at_consumption_days,11.906694723114924,-0.11024719823425144,-0.07452318679741765,0.0682788167616053,11.79020315484486
4.5,product_cost_jpy,85089.69831717285,-104.89506617606094,70.59289177236496,-0.19735970818146598,85055.19878306097
4.5,unmet_demand_cost_jpy,0.22995975577751554,0.07833125984748446,0.023087702107236485,0.0012609843924960007,0.3326397021247325
4.5,purchase_event_cost_jpy,2724.7614062499997,-3.275989583333285,2.301875000000109,-0.07937499999979991,2723.7079166666667
4.5,packaging_cost_jpy,258.53205608122175,-0.31083393971192663,0.21840755496134534,-0.007531294998727844,258.43209840147244
4.5,storage_cost_jpy,64.50201396936183,-0.8896410986383145,0.041514121163956474,0.259012289688215,63.91289928157568
4.5,freshness_cost_jpy,17.530203013888908,-0.2934716875617944,-0.9832422285758007,0.28456646591373413,16.538055563665047
4.5,handling_cost_jpy,3.6148697916666666,0.0019843750000005933,0.019182291666667073,-0.0006614583333344193,3.635375
4.5,adaptation_cost_jpy,24.502413194444443,-10.191540798611115,-0.1957508680555584,4.294552951388891,18.40967447916666
5.0,generalized_cost_jpy,87691.84163748112,-111.10316727867757,108.53300935335574,1.8059271127858665,87691.07740666858
5.0,physical_discard_kg,0.0,0.0,0.12806836174188238,-0.0005308463943204111,0.12753751534756197
5.0,purchases,20.43619227430555,-0.025171874999994515,0.02480468750000142,0.0029144965277723145,20.43873958333333
5.0,packaging_mass_kg,0.701291636598828,-0.0008638020810367575,0.000851201616167474,0.00010001432812889455,0.7013790504620876
5.0,storage_kg_days,898.0036771911698,-3.678032296543961,0.8415843600519111,1.2308906700357056,896.3981199247135
5.0,mean_age_at_consumption_days,13.266682716165828,-0.03660036111961951,-0.11173224507548696,0.023865150204580132,13.142215260175302
5.0,product_cost_jpy,84860.82401585966,-104.53697608444782,106.33785527052532,-0.4036349730886286,84862.22126007265
5.0,unmet_demand_cost_jpy,0.15112568470480037,0.07900886390631073,0.03699542675127593,-0.0520229824375367,0.21510699292485033
5.0,purchase_event_cost_jpy,2452.3430729166666,-3.020625000000109,2.9765625,0.349739583333303,2452.64875
5.0,packaging_cost_jpy,245.45207280958982,-0.3023307283628469,0.2979205656586146,0.03500501484506913,245.48266766173066
5.0,storage_cost_jpy,71.84029417529356,-0.2942425837234879,0.06732674880417733,0.09847125360282405,71.71184959397708
5.0,freshness_cost_jpy,26.382210549070752,-0.09576910713747111,-1.4443065403199924,0.016913487359008883,24.859048388972298
5.0,handling_cost_jpy,13.017499999999998,-0.003968749999996746,0.09921875000000213,0.010583333333331169,13.123333333333335
5.0,adaptation_cost_jpy,21.83134548611111,-2.928263888888889,0.16143663194444002,1.750872395833337,20.815390625
9.0,generalized_cost_jpy,85759.24843854258,-112.93790100738988,622.3205169401917,3.8434910668584052,86272.47454554224
9.0,physical_discard_kg,0.0,0.0,0.7548906931640311,0.0005136734333577309,0.7554043665973889
9.0,purchases,11.366308159722221,-0.018950954861111313,0.09357335069444517,-0.008701822916666657,11.432228732638889
9.0,packaging_mass_kg,0.5335428978799838,-0.0008895718145334186,0.004392402176000343,-0.00040846999311960897,0.5366372582483311
9.0,storage_kg_days,1627.7833816242894,-12.2385299944483,5.843825552543649,5.662849247876693,1627.0515264302614
9.0,mean_age_at_consumption_days,24.08103032216167,-0.12184888945497008,-0.9172191863823578,0.095145605641072,23.137107851965414
9.0,product_cost_jpy,83584.62132913963,-102.91675330929866,617.5036426411825,0.4480832209228538,84099.65630169243
9.0,unmet_demand_cost_jpy,0.08577489385545298,-0.01726577927211964,0.03351947355096414,-0.009975627375271634,0.09205296075902585
9.0,purchase_event_cost_jpy,1363.9569791666665,-2.27411458333313,11.228802083333449,-1.0442187500002547,1371.8674479166666
9.0,packaging_cost_jpy,186.74001425799432,-0.3113501350867125,1.5373407616000918,-0.1429644975918336,187.82304038691586
9.0,storage_cost_jpy,130.22267052994314,-0.979082399555864,0.4675060442035033,0.4530279398301502,130.16412211442093
9.0,freshness_cost_jpy,161.59751083225973,-1.33086691889784,-17.093893021995285,1.3832740241138026,144.5560249154804
9.0,handling_cost_jpy,319.7915381944444,-0.13266493055550654,8.617973958333323,-0.7154322916666729,327.56141493055554
9.0,adaptation_cost_jpy,12.232621527777777,-4.975802951388889,0.025624999999999787,3.4716970486111105,10.754140624999998
10.0,generalized_cost_jpy,85623.27512556955,-106.09875733114313,820.2031969300442,1.0001593456981936,86338.37972451415
10.0,physical_discard_kg,0.0,0.0,0.9905578759535763,-0.0005699310235711685,0.9899879449300051
10.0,purchases,10.193054253472221,-0.010726128472221319,0.11721918402777831,0.0007855902777773593,10.300332899305555
10.0,packaging_mass_kg,0.5073521352577108,-0.0005338855310788038,0.0058345027732391586,3.910220577230117e-05,0.5126918547056435
10.0,storage_kg_days,1810.5977783569338,-3.3982607589528016,0.8019234325743128,2.5108679469176423,1810.512308977473
10.0,mean_age_at_consumption_days,26.72128995424241,-0.022179684530840404,-1.0155235127082953,0.022175149217307677,25.70576190622058
10.0,product_cost_jpy,83355.81227373276,-102.70016973957536,808.0814941513527,-0.4772159368294524,84060.71638220771
10.0,unmet_demand_cost_jpy,0.0986853008755739,0.08577650467998166,-0.004993230377861674,0.041470579952927245,0.22093915513062112
10.0,purchase_event_cost_jpy,1223.1665104166668,-1.2871354166668425,14.066302083333085,0.09427083333366681,1236.0399479166667
10.0,packaging_cost_jpy,177.5732473401988,-0.18685993587760663,2.0420759706336753,0.013685772020323839,179.4421491469752
10.0,storage_cost_jpy,144.8478222685547,-0.2718608607162025,0.06415387460592115,0.2008694357534182,144.84098471819783
10.0,freshness_cost_jpy,207.7693903299045,-0.07592541768491401,-19.64100171809102,-0.1285237691087957,187.92393942501977
10.0,handling_cost_jpy,503.0969097222222,-0.26357638888890733,15.439527777777812,0.143215277777756,518.4160763888889
10.0,adaptation_cost_jpy,10.910286458333333,-1.399006076388888,0.155638020833333,1.112387152777778,10.779305555555556
