package_kg,package_g,usage_lattice_g,package_mod_lattice_g,lattice_compatible,household
1.8,1800,75,0,True,single_low
2.0,2000,75,50,False,single_low
2.1,2100,75,0,True,single_low
2.25,2250,75,0,True,single_low
2.4,2400,75,0,True,single_low
3.0,3000,75,0,True,single_low
4.5,4500,75,0,True,single_low
5.0,5000,75,50,False,single_low
9.0,9000,75,0,True,single_low
10.0,10000,75,25,False,single_low
1.8,1800,75,0,True,single_average
2.0,2000,75,50,False,single_average
2.1,2100,75,0,True,single_average
2.25,2250,75,0,True,single_average
2.4,2400,75,0,True,single_average
3.0,3000,75,0,True,single_average
4.5,4500,75,0,True,single_average
5.0,5000,75,50,False,single_average
9.0,9000,75,0,True,single_average
10.0,10000,75,25,False,single_average
1.8,1800,75,0,True,two_person_low
2.0,2000,75,50,False,two_person_low
2.1,2100,75,0,True,two_person_low
2.25,2250,75,0,True,two_person_low
2.4,2400,75,0,True,two_person_low
3.0,3000,75,0,True,two_person_low
4.5,4500,75,0,True,two_person_low
5.0,5000,75,50,False,two_person_low
9.0,9000,75,0,True,two_person_low
10.0,10000,75,25,False,two_person_low
1.8,1800,75,0,True,two_person_average
2.0,2000,75,50,False,two_person_average
2.1,2100,75,0,True,two_person_average
2.25,2250,75,0,True,two_person_average
2.4,2400,75,0,True,two_person_average
3.0,3000,75,0,True,two_person_average
4.5,4500,75,0,True,two_person_average
5.0,5000,75,50,False,two_person_average
9.0,9000,75,0,True,two_person_average
10.0,10000,75,25,False,two_person_average
1.8,1800,150,0,True,family_three
2.0,2000,150,50,False,family_three
2.1,2100,150,0,True,family_three
2.25,2250,150,0,True,family_three
2.4,2400,150,0,True,family_three
3.0,3000,150,0,True,family_three
4.5,4500,150,0,True,family_three
5.0,5000,150,50,False,family_three
9.0,9000,150,0,True,family_three
10.0,10000,150,100,False,family_three
1.8,1800,150,0,True,family_four
2.0,2000,150,50,False,family_four
2.1,2100,150,0,True,family_four
2.25,2250,150,0,True,family_four
2.4,2400,150,0,True,family_four
3.0,3000,150,0,True,family_four
4.5,4500,150,0,True,family_four
5.0,5000,150,50,False,family_four
9.0,9000,150,0,True,family_four
10.0,10000,150,100,False,family_four
