target_g,process_sigma_g,maximum_underfill_probability,safety_margin_g,mean_fill_g,expected_giveaway_fraction
1800,1,0.001,3.090232306167813,1803.0902323061678,0.0017167957256487851
1800,2,0.001,6.180464612335626,1806.1804646123355,0.0034335914512975702
1800,5,0.001,15.451161530839066,1815.451161530839,0.008583978628243925
1800,10,0.001,30.902323061678132,1830.902323061678,0.01716795725648785
1800,20,0.001,61.804646123356264,1861.8046461233562,0.0343359145129757
2000,1,0.001,3.090232306167813,2003.0902323061678,0.0015451161530839067
2000,2,0.001,6.180464612335626,2006.1804646123355,0.0030902323061678134
2000,5,0.001,15.451161530839066,2015.451161530839,0.0077255807654195326
2000,10,0.001,30.902323061678132,2030.902323061678,0.015451161530839065
2000,20,0.001,61.804646123356264,2061.804646123356,0.03090232306167813
5000,1,0.001,3.090232306167813,5003.090232306168,0.0006180464612335627
5000,2,0.001,6.180464612335626,5006.1804646123355,0.0012360929224671253
5000,5,0.001,15.451161530839066,5015.451161530839,0.0030902323061678134
5000,10,0.001,30.902323061678132,5030.9023230616785,0.006180464612335627
5000,20,0.001,61.804646123356264,5061.804646123356,0.012360929224671253
