regime,comparison_basis,package_kg,generalized_cost_jpy,physical_discard_kg,purchases,packaging_mass_kg,storage_kg_days,mean_age_at_consumption_days,product_cost_jpy,unmet_demand_cost_jpy,purchase_event_cost_jpy,packaging_cost_jpy,storage_cost_jpy,freshness_cost_jpy,handling_cost_jpy,adaptation_cost_jpy
baseline,regime_specific_best_single,9.0,86272.47454554224,0.7554043665973889,11.432228732638889,0.5366372582483311,1627.0515264302614,23.137107851965414,84099.65630169243,0.09205296075902585,1371.8674479166666,187.82304038691586,130.16412211442093,144.5560249154804,327.56141493055554,10.754140624999998
baseline,baseline_best_single,9.0,86272.47454554224,0.7554043665973889,11.432228732638889,0.5366372582483311,1627.0515264302614,23.137107851965414,84099.65630169243,0.09205296075902585,1371.8674479166666,187.82304038691586,130.16412211442093,144.5560249154804,327.56141493055554,10.754140624999998
no_discrete_consumption_quantum,regime_specific_best_single,9.0,86381.56895548277,0.7548906931640311,11.459881510416666,0.5379353000559841,1633.627207176833,23.163811135779312,84202.12497178081,0.11929436740641712,1375.18578125,188.2773550195944,130.69017657414665,144.50361781026444,328.4095121527777,12.258246527777777
no_discrete_consumption_quantum,baseline_best_single,9.0,86381.56895548277,0.7548906931640311,11.459881510416666,0.5379353000559841,1633.627207176833,23.163811135779312,84202.12497178081,0.11929436740641712,1375.18578125,188.2773550195944,130.69017657414665,144.50361781026444,328.4095121527777,12.258246527777777
randomized_non_lattice_usage,regime_specific_best_single,9.0,86405.42492050031,0.7541079365627882,11.45318532986111,0.5376209763962579,1634.2782581001782,23.173023646556967,84226.93592095096,0.22431268568993015,1374.3822395833333,188.16734173869025,130.74226064801422,144.57091347002594,328.15256076388886,12.24937065972222
randomized_non_lattice_usage,baseline_best_single,9.0,86405.42492050031,0.7541079365627882,11.45318532986111,0.5376209763962579,1634.2782581001782,23.173023646556967,84226.93592095096,0.22431268568993015,1374.3822395833333,188.16734173869025,130.74226064801422,144.57091347002594,328.15256076388886,12.24937065972222
full_carry_no_spoilage,regime_specific_best_single,10.0,85517.1763682384,0.0,10.182328125,0.506818249726632,1807.199517597981,26.699110269711568,83253.11210399319,0.18446180555555555,1221.879375,177.3863874043212,144.5759614078385,207.69346491221958,502.8333333333333,9.511280381944445
full_carry_no_spoilage,baseline_best_single,9.0,85646.31053753519,0.0,11.34735720486111,0.5326533260654503,1615.544851629841,23.9591814327067,83481.70457583033,0.06850911458333334,1361.6828645833334,186.4286641229076,129.24358813038728,160.2666439133619,319.6588732638889,7.256818576388888
continuous_no_spoilage,regime_specific_best_single,10.0,85623.27512556955,0.0,10.193054253472221,0.5073521352577108,1810.5977783569338,26.72128995424241,83355.81227373276,0.0986853008755739,1223.1665104166668,177.5732473401988,144.8478222685547,207.7693903299045,503.0969097222222,10.910286458333333
continuous_no_spoilage,baseline_best_single,9.0,85759.24843854258,0.0,11.366308159722221,0.5335428978799838,1627.7833816242894,24.08103032216167,83584.62132913963,0.08577489385545298,1363.9569791666665,186.74001425799432,130.22267052994314,161.59751083225973,319.7915381944444,12.232621527777777
