control,package_kg,metric,discrete_value,continuous_value,discrete_minus_continuous,relative_difference_fraction
no_discrete_consumption_quantum,1.8,generalized_cost_jpy,94262.04357308798,94401.10611646743,-139.06254337944847,-0.0014731029020770155
no_discrete_consumption_quantum,1.8,physical_discard_kg,3.84262535868489e-05,4.5096269682693e-05,-6.6700160958441015e-06,-0.1479061603714844
no_discrete_consumption_quantum,1.8,purchases,56.698025173611114,56.76291753472222,-0.06489236111110586,-0.001143217507652083
no_discrete_consumption_quantum,1.8,packaging_mass_kg,1.2086627144676934,1.210046060308904,-0.0013833458412106925,-0.0011432175076521863
no_discrete_consumption_quantum,1.8,storage_kg_days,303.60550902629717,313.7187149036232,-10.113205877326038,-0.03223653992218122
no_discrete_consumption_quantum,1.8,mean_age_at_consumption_days,4.561444372511003,4.645396255277277,-0.08395188276627419,-0.018072060627961052
no_discrete_consumption_quantum,1.8,product_cost_jpy,86971.90597902494,87079.15186024926,-107.24588122431305,-0.00123159078761388
no_discrete_consumption_quantum,1.8,unmet_demand_cost_jpy,0.8477044352711859,0.8502213871001619,-0.002516951828976044,-0.0029603487599395447
no_discrete_consumption_quantum,1.8,purchase_event_cost_jpy,6803.763020833334,6811.550104166667,-7.787083333332703,-0.0011432175076520829
no_discrete_consumption_quantum,1.8,packaging_cost_jpy,423.03195006369265,423.5161211081165,-0.48417104442387426,-0.0011432175076524975
no_discrete_consumption_quantum,1.8,storage_cost_jpy,24.288440722103772,25.097497192289854,-0.8090564701860821,-0.03223653992218119
no_discrete_consumption_quantum,1.8,freshness_cost_jpy,0.00759780029373522,0.008971218167365538,-0.0013734178736303174,-0.15309156995271594
no_discrete_consumption_quantum,1.8,handling_cost_jpy,0.0,0.0,0.0,
no_discrete_consumption_quantum,1.8,adaptation_cost_jpy,38.198880208333335,60.93134114583333,-22.732460937499994,-0.37308321973566977
no_discrete_consumption_quantum,2.0,generalized_cost_jpy,93340.92763110335,93464.11099229653,-123.18336119317973,-0.0013179749947371
no_discrete_consumption_quantum,2.0,physical_discard_kg,0.00017494140670677765,0.00014974711729085985,2.5194289415917802e-05,0.16824557207990803
no_discrete_consumption_quantum,2.0,purchases,51.02276736111111,51.09569921875,-0.07293185763889198,-0.0014273580507560414
no_discrete_consumption_quantum,2.0,packaging_mass_kg,1.137124490139097,1.1387498939680498,-0.0016254038289527095,-0.0014273580507558879
no_discrete_consumption_quantum,2.0,storage_kg_days,347.0766699388232,350.2886101929686,-3.211940254145361,-0.009169411053291035
no_discrete_consumption_quantum,2.0,mean_age_at_consumption_days,5.164674427610932,5.1858147743458565,-0.021140346734924265,-0.0040765718898224486
no_discrete_consumption_quantum,2.0,product_cost_jpy,86743.52582870853,86850.60439078833,-107.07856207979785,-0.001232905203491652
no_discrete_consumption_quantum,2.0,unmet_demand_cost_jpy,0.5669619950930914,0.5469235861605837,0.020038408932507745,0.036638406972311875
no_discrete_consumption_quantum,2.0,purchase_event_cost_jpy,6122.732083333333,6131.48390625,-8.751822916666242,-0.0014273580507559117
no_discrete_consumption_quantum,2.0,packaging_cost_jpy,397.99357154868403,398.56246288881755,-0.5688913401335185,-0.0014273580507560635
no_discrete_consumption_quantum,2.0,storage_cost_jpy,27.76613359510586,28.023088815437482,-0.25695522033162277,-0.009169411053290819
no_discrete_consumption_quantum,2.0,freshness_cost_jpy,0.0347359503752743,0.029720835827039122,0.005015114548235177,0.1687406968438141
no_discrete_consumption_quantum,2.0,handling_cost_jpy,0.0,0.0,0.0,
no_discrete_consumption_quantum,2.0,adaptation_cost_jpy,48.30831597222222,54.860499131944444,-6.552183159722226,-0.11943353165569338
no_discrete_consumption_quantum,2.1,generalized_cost_jpy,92921.66326993037,93052.81055346623,-131.14728353585815,-0.0014093855172757368
no_discrete_consumption_quantum,2.1,physical_discard_kg,0.0002901058537106336,0.0002823462474644338,7.759606246199758e-06,0.027482590315556464
no_discrete_consumption_quantum,2.1,purchases,48.59734157986111,48.652190538194446,-0.054848958333337805,-0.0011273687315328297
no_discrete_consumption_quantum,2.1,packaging_mass_kg,1.1060243203947575,1.1072726249293852,-0.0012483045346276533,-0.0011273687315328169
no_discrete_consumption_quantum,2.1,storage_kg_days,359.31980738707796,368.372964507241,-9.053157120163064,-0.024576062828804875
no_discrete_consumption_quantum,2.1,mean_age_at_consumption_days,5.40208754968814,5.450267011829476,-0.04817946214133606,-0.008839835192801645
no_discrete_consumption_quantum,2.1,product_cost_jpy,86637.87031387872,86744.5358538254,-106.66553994666901,-0.0012296513999038835
no_discrete_consumption_quantum,2.1,unmet_demand_cost_jpy,0.8136983074553045,0.739012136262427,0.07468617119287746,0.10106217141521477
no_discrete_consumption_quantum,2.1,purchase_event_cost_jpy,5831.680989583333,5838.262864583334,-6.581875000000764,-0.0011273687315328685
no_discrete_consumption_quantum,2.1,packaging_cost_jpy,387.1085121381652,387.5454187252849,-0.43690658711966535,-0.0011273687315327822
no_discrete_consumption_quantum,2.1,storage_cost_jpy,28.745584590966235,29.46983716057928,-0.7242525696130464,-0.02457606282880492
no_discrete_consumption_quantum,2.1,freshness_cost_jpy,0.05765233450929506,0.056156445102257875,0.001495889407037182,0.026637893554573258
no_discrete_consumption_quantum,2.1,handling_cost_jpy,0.0,0.0,0.0,
no_discrete_consumption_quantum,2.1,adaptation_cost_jpy,35.38651909722222,52.201410590277774,-16.814891493055555,-0.3221156536369007
no_discrete_consumption_quantum,2.25,generalized_cost_jpy,92369.47053201892,92499.13854807036,-129.668016051437,-0.0014018294449742422
no_discrete_consumption_quantum,2.25,physical_discard_kg,0.000689899615239228,0.0006645460297492372,2.5353585489990785e-05,0.03815173720856902
no_discrete_consumption_quantum,2.25,purchases,45.361128038194444,45.41512934027777,-0.05400130208332854,-0.0011890597443578316
no_discrete_consumption_quantum,2.25,packaging_mass_kg,1.0638836701742425,1.0651501973956607,-0.0012665272214182899,-0.001189059744358124
no_discrete_consumption_quantum,2.25,storage_kg_days,386.36472135219987,395.70626450012435,-9.341543147924483,-0.023607266262830537
no_discrete_consumption_quantum,2.25,mean_age_at_consumption_days,5.7948872248461205,5.853920800444326,-0.05903357559820588,-0.010084450680256058
no_discrete_consumption_quantum,2.25,product_cost_jpy,86488.52176910547,86595.20868620797,-106.68691710250278,-0.0012320187077451412
no_discrete_consumption_quantum,2.25,unmet_demand_cost_jpy,0.509119618063644,0.5929273916355382,-0.08380777357189417,-0.1413457613093532
no_discrete_consumption_quantum,2.25,purchase_event_cost_jpy,5443.335364583333,5449.815520833333,-6.480156249999709,-0.0011890597443578836
no_discrete_consumption_quantum,2.25,packaging_cost_jpy,372.359284560985,372.8025690884813,-0.44328452749630287,-0.0011890597443578598
no_discrete_consumption_quantum,2.25,storage_cost_jpy,30.909177708176,31.656501160009952,-0.7473234518339531,-0.02360726626283036
no_discrete_consumption_quantum,2.25,freshness_cost_jpy,0.13675828318640773,0.13197880560562245,0.004779477580785285,0.03621397813727202
no_discrete_consumption_quantum,2.25,handling_cost_jpy,0.0,0.0,0.0,
no_discrete_consumption_quantum,2.25,adaptation_cost_jpy,33.69905815972222,48.930364583333336,-15.231306423611116,-0.31128536550490377
no_discrete_consumption_quantum,2.4,generalized_cost_jpy,91875.46105248039,92005.02789950755,-129.56684702716302,-0.001408258330932548
no_discrete_consumption_quantum,2.4,physical_discard_kg,0.0014077108416776008,0.0012870361780724171,0.00012067466360518369,0.09376167170834085
no_discrete_consumption_quantum,2.4,purchases,42.521596788194444,42.57739713541667,-0.055800347222223934,-0.0013105626688440326
no_discrete_consumption_quantum,2.4,packaging_mass_kg,1.0261761227456518,1.0275227557106736,-0.001346632965021799,-0.0013105626688436857
no_discrete_consumption_quantum,2.4,storage_kg_days,413.89800775826365,423.0178967553496,-9.11988899708598,-0.021559109122894684
no_discrete_consumption_quantum,2.4,mean_age_at_consumption_days,6.196282486514534,6.258616635316712,-0.06233414880217847,-0.009959732706814706
no_discrete_consumption_quantum,2.4,product_cost_jpy,86349.21424217241,86455.41312049777,-106.19887832536187,-0.0012283658650424412
no_discrete_consumption_quantum,2.4,unmet_demand_cost_jpy,0.49787967325272503,0.8902379102281736,-0.3923582369754485,-0.4407341368723386
no_discrete_consumption_quantum,2.4,purchase_event_cost_jpy,5102.591614583333,5109.2876562500005,-6.696041666667952,-0.0013105626688442438
no_discrete_consumption_quantum,2.4,packaging_cost_jpy,359.16164296097804,359.6329644987358,-0.47132153775777397,-0.0013105626688440868
no_discrete_consumption_quantum,2.4,storage_cost_jpy,33.1118406206611,33.84143174042798,-0.7295911197668801,-0.02155910912289473
no_discrete_consumption_quantum,2.4,freshness_cost_jpy,0.2799913238913091,0.2560519784560485,0.023939345435260606,0.09349408498856732
no_discrete_consumption_quantum,2.4,handling_cost_jpy,0.0,0.0,0.0,
no_discrete_consumption_quantum,2.4,adaptation_cost_jpy,30.603841145833332,45.70643663194444,-15.10259548611111,-0.330426009967179
no_discrete_consumption_quantum,3.0,generalized_cost_jpy,90341.16756186167,90466.20466409196,-125.03710223028611,-0.001382141570927603
no_discrete_consumption_quantum,3.0,physical_discard_kg,0.009734815380715231,0.009705708625109931,2.910675560529978e-05,0.0029989315288114888
no_discrete_consumption_quantum,3.0,purchases,34.02057248263888,34.06450998263888,-0.04393749999999841,-0.001289832145608181
no_discrete_consumption_quantum,3.0,packaging_mass_kg,0.9090553621100282,0.9102294052568063,-0.0011740431467780477,-0.001289832145608184
no_discrete_consumption_quantum,3.0,storage_kg_days,523.0988966573415,532.5708326154007,-9.471935958059248,-0.017785307376942786
no_discrete_consumption_quantum,3.0,mean_age_at_consumption_days,7.793919071510885,7.867735606047535,-0.07381653453665038,-0.009382182909134782
no_discrete_consumption_quantum,3.0,product_cost_jpy,85872.1942531128,85978.12945710246,-105.93520398966211,-0.0012321180358141769
no_discrete_consumption_quantum,3.0,unmet_demand_cost_jpy,0.5864591343507369,0.44448875697582096,0.14197037737491597,0.3194015037429592
no_discrete_consumption_quantum,3.0,purchase_event_cost_jpy,4082.4686979166668,4087.7411979166664,-5.272499999999582,-0.0012898321456081253
no_discrete_consumption_quantum,3.0,packaging_cost_jpy,318.16937673850987,318.5802918398822,-0.4109151013723249,-0.0012898321456082098
no_discrete_consumption_quantum,3.0,storage_cost_jpy,41.84791173258731,42.60566660923206,-0.7577548766447464,-0.01778530737694294
no_discrete_consumption_quantum,3.0,freshness_cost_jpy,1.926449164262909,1.9187398181272972,0.007709346135611694,0.004017921587271831
no_discrete_consumption_quantum,3.0,handling_cost_jpy,0.0,0.0,0.0,
no_discrete_consumption_quantum,3.0,adaptation_cost_jpy,23.9744140625,36.784822048611105,-12.810407986111105,-0.34825254745509343
no_discrete_consumption_quantum,4.5,generalized_cost_jpy,88140.16744215565,88255.38920457484,-115.2217624191835,-0.0013055493093130095
no_discrete_consumption_quantum,4.5,physical_discard_kg,0.08450804367426552,0.08475627411727195,-0.00024823044300642527,-0.002928755960449186
no_discrete_consumption_quantum,4.5,purchases,22.697565972222222,22.72552734375,-0.02796137152777689,-0.0012303948377007348
no_discrete_consumption_quantum,4.5,packaging_mass_kg,0.7383774240042069,0.7392870389605231,-0.0009096149563161404,-0.0012303948377008036
no_discrete_consumption_quantum,4.5,storage_kg_days,798.9112410196959,806.7941011315722,-7.882860111876312,-0.009770597108754484
no_discrete_consumption_quantum,4.5,mean_age_at_consumption_days,11.79020315484486,11.832171536317507,-0.041968381472646143,-0.003546972028239192
no_discrete_consumption_quantum,4.5,product_cost_jpy,85055.19878306097,85160.29120894521,-105.0924258842424,-0.0012340543273436284
no_discrete_consumption_quantum,4.5,unmet_demand_cost_jpy,0.3326397021247325,0.253047457884752,0.07959224423998046,0.314534850123766
no_discrete_consumption_quantum,4.5,purchase_event_cost_jpy,2723.7079166666667,2727.06328125,-3.3553645833330847,-0.0012303948377006828
no_discrete_consumption_quantum,4.5,packaging_cost_jpy,258.43209840147244,258.7504636361831,-0.3183652347106545,-0.001230394837700824
no_discrete_consumption_quantum,4.5,storage_cost_jpy,63.91289928157568,64.54352809052578,-0.6306288089500995,-0.009770597108754399
no_discrete_consumption_quantum,4.5,freshness_cost_jpy,16.538055563665047,16.546960785313107,-0.00890522164806029,-0.0005381786881349512
no_discrete_consumption_quantum,4.5,handling_cost_jpy,3.635375,3.6340520833333336,0.001322916666666174,0.0003640334910810439
no_discrete_consumption_quantum,4.5,adaptation_cost_jpy,18.40967447916666,24.306662326388885,-5.896987847222224,-0.2426078812482647
no_discrete_consumption_quantum,5.0,generalized_cost_jpy,87691.07740666858,87800.37464683448,-109.29724016589171,-0.0012448379702880035
no_discrete_consumption_quantum,5.0,physical_discard_kg,0.12753751534756197,0.12806836174188238,-0.0005308463943204111,-0.004145023697502392
no_discrete_consumption_quantum,5.0,purchases,20.43873958333333,20.460996961805552,-0.0222573784722222,-0.0010877954047776824
no_discrete_consumption_quantum,5.0,packaging_mass_kg,0.7013790504620876,0.7021428382149955,-0.0007637877529078629,-0.0010877954047777269
no_discrete_consumption_quantum,5.0,storage_kg_days,896.3981199247135,898.8452615512217,-2.4471416265082553,-0.0027225393860173365
no_discrete_consumption_quantum,5.0,mean_age_at_consumption_days,13.142215260175302,13.154950471090341,-0.012735210915039374,-0.0009680926540184703
no_discrete_consumption_quantum,5.0,product_cost_jpy,84862.22126007265,84967.16187113019,-104.94061105753644,-0.0012350725709386412
no_discrete_consumption_quantum,5.0,unmet_demand_cost_jpy,0.21510699292485033,0.1881211114560763,0.026985881468774037,0.143449511114944
no_discrete_consumption_quantum,5.0,purchase_event_cost_jpy,2452.64875,2455.3196354166666,-2.670885416666806,-0.00108779540477774
no_discrete_consumption_quantum,5.0,packaging_cost_jpy,245.48266766173066,245.74999337524844,-0.2673257135177778,-0.0010877954047778316
no_discrete_consumption_quantum,5.0,storage_cost_jpy,71.71184959397708,71.90762092409774,-0.19577133012066383,-0.002722539386017384
no_discrete_consumption_quantum,5.0,freshness_cost_jpy,24.859048388972298,24.93790400875076,-0.07885561977846223,-0.003162078888056977
no_discrete_consumption_quantum,5.0,handling_cost_jpy,13.123333333333335,13.11671875,0.006614583333334423,0.0005042864346949898
no_discrete_consumption_quantum,5.0,adaptation_cost_jpy,20.815390625,21.99278211805555,-1.177391493055552,-0.05353535931631595
no_discrete_consumption_quantum,9.0,generalized_cost_jpy,86272.47454554224,86381.56895548277,-109.09440994053148,-0.001262936194140603
no_discrete_consumption_quantum,9.0,physical_discard_kg,0.7554043665973889,0.7548906931640311,0.0005136734333577309,0.0006804606786245199
no_discrete_consumption_quantum,9.0,purchases,11.432228732638889,11.459881510416666,-0.02765277777777797,-0.0024130073031420505
no_discrete_consumption_quantum,9.0,packaging_mass_kg,0.5366372582483311,0.5379353000559841,-0.0012980418076530276,-0.0024130073031421017
no_discrete_consumption_quantum,9.0,storage_kg_days,1627.0515264302614,1633.627207176833,-6.5756807465716065,-0.004025202762101047
no_discrete_consumption_quantum,9.0,mean_age_at_consumption_days,23.137107851965414,23.163811135779312,-0.026703283813898082,-0.001152801827703198
no_discrete_consumption_quantum,9.0,product_cost_jpy,84099.65630169243,84202.12497178081,-102.4686700883758,-0.0012169368661743012
no_discrete_consumption_quantum,9.0,unmet_demand_cost_jpy,0.09205296075902585,0.11929436740641712,-0.027241406647391275,-0.22835450859623652
no_discrete_consumption_quantum,9.0,purchase_event_cost_jpy,1371.8674479166666,1375.18578125,-3.318333333333385,-0.0024130073031420713
no_discrete_consumption_quantum,9.0,packaging_cost_jpy,187.82304038691586,188.2773550195944,-0.4543146326785461,-0.00241300730314203
no_discrete_consumption_quantum,9.0,storage_cost_jpy,130.16412211442093,130.69017657414665,-0.5260544597257137,-0.004025202762100933
no_discrete_consumption_quantum,9.0,freshness_cost_jpy,144.5560249154804,144.50361781026444,0.0524071052159627,0.00036266984875613334
no_discrete_consumption_quantum,9.0,handling_cost_jpy,327.56141493055554,328.4095121527777,-0.8480972222221794,-0.002582438056263244
no_discrete_consumption_quantum,9.0,adaptation_cost_jpy,10.754140624999998,12.258246527777777,-1.5041059027777788,-0.12270155436745397
no_discrete_consumption_quantum,10.0,generalized_cost_jpy,86338.37972451415,86443.47832249959,-105.09859798544494,-0.0012158071380856245
no_discrete_consumption_quantum,10.0,physical_discard_kg,0.9899879449300051,0.9905578759535763,-0.0005699310235711685,-0.0005753636787981878
no_discrete_consumption_quantum,10.0,purchases,10.300332899305555,10.3102734375,-0.00994053819444396,-0.0009641391428367692
no_discrete_consumption_quantum,10.0,packaging_mass_kg,0.5126918547056435,0.51318663803095,-0.0004947833253065026,-0.0009641391428368844
no_discrete_consumption_quantum,10.0,storage_kg_days,1810.512308977473,1811.399701789508,-0.8873928120351593,-0.0004898934294614773
no_discrete_consumption_quantum,10.0,mean_age_at_consumption_days,25.70576190622058,25.705766441534113,-4.535313532727514e-06,-1.7643175678277297e-07
no_discrete_consumption_quantum,10.0,product_cost_jpy,84060.71638220771,84163.89376788412,-103.17738567640481,-0.0012259103168510486
no_discrete_consumption_quantum,10.0,unmet_demand_cost_jpy,0.22093915513062112,0.09369207049771222,0.1272470846329089,1.3581414516398806
no_discrete_consumption_quantum,10.0,purchase_event_cost_jpy,1236.0399479166667,1237.2328125,-1.1928645833331757,-0.0009641391428366888
no_discrete_consumption_quantum,10.0,packaging_cost_jpy,179.4421491469752,179.61532331083248,-0.1731741638572828,-0.0009641391428369229
no_discrete_consumption_quantum,10.0,storage_cost_jpy,144.84098471819783,144.91197614316062,-0.07099142496278432,-0.0004898934294612812
no_discrete_consumption_quantum,10.0,freshness_cost_jpy,187.92393942501977,188.12838861181348,-0.20444918679370971,-0.0010867535107398
no_discrete_consumption_quantum,10.0,handling_cost_jpy,518.4160763888889,518.5364375,-0.12036111111115133,-0.00023211697849324488
no_discrete_consumption_quantum,10.0,adaptation_cost_jpy,10.779305555555556,11.065924479166666,-0.2866189236111101,-0.025901037382887893
randomized_non_lattice_usage,1.8,generalized_cost_jpy,94262.04357308798,94430.31636439083,-168.27279130285024,-0.001781978476631526
randomized_non_lattice_usage,1.8,physical_discard_kg,3.84262535868489e-05,3.43968910956027e-05,4.029362491246199e-06,0.11714321739272862
randomized_non_lattice_usage,1.8,purchases,56.698025173611114,56.779907118055554,-0.08188194444444008,-0.0014420936665886562
randomized_non_lattice_usage,1.8,packaging_mass_kg,1.2086627144676934,1.210408236519565,-0.0017455220518716175,-0.0014420936665886634
randomized_non_lattice_usage,1.8,storage_kg_days,303.60550902629717,313.57126287946613,-9.965753853168962,-0.03178146416114574
randomized_non_lattice_usage,1.8,mean_age_at_consumption_days,4.561444372511003,4.639496119973792,-0.07805174746278887,-0.016823324224103407
randomized_non_lattice_usage,1.8,product_cost_jpy,86971.90597902494,87105.70009185426,-133.79411282931687,-0.0015359972158909116
randomized_non_lattice_usage,1.8,unmet_demand_cost_jpy,0.8477044352711859,0.8944365352225634,-0.046732099951377504,-0.0522475302730664
randomized_non_lattice_usage,1.8,purchase_event_cost_jpy,6803.763020833334,6813.588854166666,-9.825833333332412,-0.0014420936665885979
randomized_non_lattice_usage,1.8,packaging_cost_jpy,423.03195006369265,423.6428827818478,-0.6109327181551407,-0.0014420936665888392
randomized_non_lattice_usage,1.8,storage_cost_jpy,24.288440722103772,25.085701030357292,-0.7972603082535201,-0.03178146416114586
randomized_non_lattice_usage,1.8,freshness_cost_jpy,0.00759780029373522,0.006850279440126749,0.000747520853608471,0.10912268034348097
randomized_non_lattice_usage,1.8,handling_cost_jpy,0.0,0.0,0.0,
randomized_non_lattice_usage,1.8,adaptation_cost_jpy,38.198880208333335,61.397547743055554,-23.19866753472222,-0.37784355218561855
randomized_non_lattice_usage,2.0,generalized_cost_jpy,93340.92763110335,93491.63557165336,-150.7079405500117,-0.0016119938391120233
randomized_non_lattice_usage,2.0,physical_discard_kg,0.00017494140670677765,0.00014154899333851216,3.339241336826549e-05,0.23590710594746558
randomized_non_lattice_usage,2.0,purchases,51.02276736111111,51.105536892361116,-0.0827695312500083,-0.0016195805050309546
randomized_non_lattice_usage,2.0,packaging_mass_kg,1.137124490139097,1.1389691423578916,-0.0018446522187944847,-0.0016195805050307943
randomized_non_lattice_usage,2.0,storage_kg_days,347.0766699388232,350.12471429517274,-3.0480443563495214,-0.00870559612589892
randomized_non_lattice_usage,2.0,mean_age_at_consumption_days,5.164674427610932,5.173016190637165,-0.008341763026233018,-0.0016125530481290752
randomized_non_lattice_usage,2.0,product_cost_jpy,86743.52582870853,86876.90835747459,-133.38252876605839,-0.0015353047350306938
randomized_non_lattice_usage,2.0,unmet_demand_cost_jpy,0.5669619950930914,0.7352883940932422,-0.16832639900015078,-0.22892568460533222
randomized_non_lattice_usage,2.0,purchase_event_cost_jpy,6122.732083333333,6132.664427083333,-9.932343749999745,-0.001619580505030751
randomized_non_lattice_usage,2.0,packaging_cost_jpy,397.99357154868403,398.63919982526204,-0.6456282765780088,-0.0016195805050306417
randomized_non_lattice_usage,2.0,storage_cost_jpy,27.76613359510586,28.00997714361382,-0.24384354850796086,-0.008705596125898888
randomized_non_lattice_usage,2.0,freshness_cost_jpy,0.0347359503752743,0.028195864406178786,0.006540085969095513,0.23195195844615893
randomized_non_lattice_usage,2.0,handling_cost_jpy,0.0,0.0,0.0,
randomized_non_lattice_usage,2.0,adaptation_cost_jpy,48.30831597222222,54.65012586805555,-6.341809895833329,-0.11604382963626961
randomized_non_lattice_usage,2.1,generalized_cost_jpy,92921.66326993037,93082.38936251869,-160.72609258831653,-0.00172670785192624
randomized_non_lattice_usage,2.1,physical_discard_kg,0.0002901058537106336,0.00026962955090011303,2.047630281052054e-05,0.07594235402671494
randomized_non_lattice_usage,2.1,purchases,48.59734157986111,48.673913194444445,-0.07657161458333661,-0.0015731550959842769
randomized_non_lattice_usage,2.1,packaging_mass_kg,1.1060243203947575,1.107767009711248,-0.0017426893164904644,-0.0015731550959842324
randomized_non_lattice_usage,2.1,storage_kg_days,359.31980738707796,368.2191732821076,-8.899365895029632,-0.02416866513415223
randomized_non_lattice_usage,2.1,mean_age_at_consumption_days,5.40208754968814,5.439615110611492,-0.03752756092335208,-0.006898936810831351
randomized_non_lattice_usage,2.1,product_cost_jpy,86637.87031387872,86771.11017500117,-133.23986112244893,-0.0015355325159921193
randomized_non_lattice_usage,2.1,unmet_demand_cost_jpy,0.8136983074553045,0.576786153117129,0.23691215433817547,0.4107452182370011
randomized_non_lattice_usage,2.1,purchase_event_cost_jpy,5831.680989583333,5840.869583333334,-9.188593750001019,-0.0015731550959843838
randomized_non_lattice_usage,2.1,packaging_cost_jpy,387.1085121381652,387.71845339893684,-0.6099412607716204,-0.0015731550959841233
randomized_non_lattice_usage,2.1,storage_cost_jpy,28.745584590966235,29.45753386256861,-0.711949271602375,-0.02416866513415238
randomized_non_lattice_usage,2.1,freshness_cost_jpy,0.05765233450929506,0.05344535289973766,0.004206981609557396,0.07871557359626016
randomized_non_lattice_usage,2.1,handling_cost_jpy,0.0,0.0,0.0,
randomized_non_lattice_usage,2.1,adaptation_cost_jpy,35.38651909722222,52.60338541666667,-17.21686631944445,-0.3272957849208982
randomized_non_lattice_usage,2.25,generalized_cost_jpy,92369.47053201892,92526.59676541222,-157.1262333932973,-0.0016981737023319694
randomized_non_lattice_usage,2.25,physical_discard_kg,0.000689899615239228,0.0006122265536666307,7.767306157259728e-05,0.1268698018852867
randomized_non_lattice_usage,2.25,purchases,45.361128038194444,45.429844618055554,-0.06871657986111046,-0.00151258672440627
randomized_non_lattice_usage,2.25,packaging_mass_kg,1.0638836701742425,1.0654953242566303,-0.0016116540823878367,-0.0015125867244065551
randomized_non_lattice_usage,2.25,storage_kg_days,386.36472135219987,395.77826000447845,-9.41353865227859,-0.02378488058483068
randomized_non_lattice_usage,2.25,mean_age_at_consumption_days,5.7948872248461205,5.8469106305459455,-0.052023405699825,-0.008897588656142569
randomized_non_lattice_usage,2.25,product_cost_jpy,86488.52176910547,86621.5393980261,-133.01762892062834,-0.0015356183905877283
randomized_non_lattice_usage,2.25,unmet_demand_cost_jpy,0.509119618063644,0.4880253336034141,0.02109428446022993,0.04322374886663539
randomized_non_lattice_usage,2.25,purchase_event_cost_jpy,5443.335364583333,5451.581354166667,-8.24598958333354,-0.001512586724406322
randomized_non_lattice_usage,2.25,packaging_cost_jpy,372.359284560985,372.92336348982053,-0.5640789288355563,-0.0015125867244060553
randomized_non_lattice_usage,2.25,storage_cost_jpy,30.909177708176,31.662260800358283,-0.7530830921822833,-0.023784880584830557
randomized_non_lattice_usage,2.25,freshness_cost_jpy,0.13675828318640773,0.12132192900952089,0.015436354176886838,0.12723465825931146
randomized_non_lattice_usage,2.25,handling_cost_jpy,0.0,0.0,0.0,
randomized_non_lattice_usage,2.25,adaptation_cost_jpy,33.69905815972222,48.28104166666667,-14.581983506944447,-0.3020229680962306
randomized_non_lattice_usage,2.4,generalized_cost_jpy,91875.46105248039,92032.78801279976,-157.32696031937667,-0.0017094664164416698
randomized_non_lattice_usage,2.4,physical_discard_kg,0.0014077108416776008,0.0012530878525693777,0.00015462298910822315,0.12339357435408735
randomized_non_lattice_usage,2.4,purchases,42.521596788194444,42.58558116319445,-0.06398437500000398,-0.0015024891818384745
randomized_non_lattice_usage,2.4,packaging_mass_kg,1.0261761227456518,1.0277202613202414,-0.0015441385745895708,-0.0015024891818381807
randomized_non_lattice_usage,2.4,storage_kg_days,413.89800775826365,423.31287737708044,-9.414869618816795,-0.022240924200447078
randomized_non_lattice_usage,2.4,mean_age_at_consumption_days,6.196282486514534,6.256669108271539,-0.060386621757005265,-0.009651560712579799
randomized_non_lattice_usage,2.4,product_cost_jpy,86349.21424217241,86481.89875904936,-132.6845168769505,-0.0015342461113929528
randomized_non_lattice_usage,2.4,unmet_demand_cost_jpy,0.49787967325272503,0.6114255270977448,-0.11354585384501975,-0.185706760370291
randomized_non_lattice_usage,2.4,purchase_event_cost_jpy,5102.591614583333,5110.269739583334,-7.678125000001273,-0.0015024891818386302
randomized_non_lattice_usage,2.4,packaging_cost_jpy,359.16164296097804,359.7020914620845,-0.5404485011064821,-0.0015024891818385484
randomized_non_lattice_usage,2.4,storage_cost_jpy,33.1118406206611,33.865030190166436,-0.7531895695053379,-0.022240924200446908
randomized_non_lattice_usage,2.4,freshness_cost_jpy,0.2799913238913091,0.2485711543782706,0.0314201695130385,0.12640312023181868
randomized_non_lattice_usage,2.4,handling_cost_jpy,0.0,0.0,0.0,
randomized_non_lattice_usage,2.4,adaptation_cost_jpy,30.603841145833332,46.19239583333333,-15.588554687499997,-0.3374701486310652
randomized_non_lattice_usage,3.0,generalized_cost_jpy,90341.16756186167,90492.16274653559,-150.99518467391317,-0.0016685995791353091
randomized_non_lattice_usage,3.0,physical_discard_kg,0.009734815380715231,0.009522553654027759,0.0002122617266874724,0.02229042065808597
randomized_non_lattice_usage,3.0,purchases,34.02057248263888,34.06608029513889,-0.045507812500005684,-0.0013358687617048648
randomized_non_lattice_usage,3.0,packaging_mass_kg,0.9090553621100282,0.9102713651914618,-0.0012160030814335476,-0.0013358687617046811
randomized_non_lattice_usage,3.0,storage_kg_days,523.0988966573415,532.2742303404135,-9.17533368307204,-0.017237982152928946
randomized_non_lattice_usage,3.0,mean_age_at_consumption_days,7.793919071510885,7.84882123715996,-0.05490216564907513,-0.006994956820922715
randomized_non_lattice_usage,3.0,product_cost_jpy,85872.1942531128,86004.07894882016,-131.8846957073547,-0.0015334702414037532
randomized_non_lattice_usage,3.0,unmet_demand_cost_jpy,0.5864591343507369,0.5765122536395122,0.009946880711224737,0.017253546040748042
randomized_non_lattice_usage,3.0,purchase_event_cost_jpy,4082.4686979166668,4087.9296354166663,-5.460937499999545,-0.0013358687617045868
randomized_non_lattice_usage,3.0,packaging_cost_jpy,318.16937673850987,318.59497781701157,-0.4256010785016997,-0.0013358687617045497
randomized_non_lattice_usage,3.0,storage_cost_jpy,41.84791173258731,42.58193842723308,-0.7340266946457632,-0.01723798215292895
randomized_non_lattice_usage,3.0,freshness_cost_jpy,1.926449164262909,1.8841409189514275,0.04230824531148136,0.022454926213813658
randomized_non_lattice_usage,3.0,handling_cost_jpy,0.0,0.0,0.0,
randomized_non_lattice_usage,3.0,adaptation_cost_jpy,23.9744140625,36.51659288194444,-12.542178819444441,-0.3434651984097316
randomized_non_lattice_usage,4.5,generalized_cost_jpy,88140.16744215565,88281.90318354446,-141.7357413888094,-0.0016054903244907457
randomized_non_lattice_usage,4.5,physical_discard_kg,0.08450804367426552,0.0843641683791222,0.00014387529514332809,0.001705407614483559
randomized_non_lattice_usage,4.5,purchases,22.697565972222222,22.732078124999997,-0.03451215277777564,-0.001518213714909782
randomized_non_lattice_usage,4.5,packaging_mass_kg,0.7383774240042069,0.7395001432638879,-0.0011227192596809932,-0.0015182137149097955
randomized_non_lattice_usage,4.5,storage_kg_days,798.9112410196959,807.5803266529094,-8.669085633213513,-0.010734641926139201
randomized_non_lattice_usage,4.5,mean_age_at_consumption_days,11.79020315484486,11.822729077558748,-0.03252592271388721,-0.002751134911450024
randomized_non_lattice_usage,4.5,product_cost_jpy,85055.19878306097,85185.7135614155,-130.51477835452533,-0.0015321205035211613
randomized_non_lattice_usage,4.5,unmet_demand_cost_jpy,0.3326397021247325,0.3630648345437197,-0.0304251324189872,-0.08380082432721381
randomized_non_lattice_usage,4.5,purchase_event_cost_jpy,2723.7079166666667,2727.849375,-4.141458333333048,-0.0015182137149097716
randomized_non_lattice_usage,4.5,packaging_cost_jpy,258.43209840147244,258.8250501423608,-0.39295174088834983,-0.001518213714909804
randomized_non_lattice_usage,4.5,storage_cost_jpy,63.91289928157568,64.60642613223276,-0.6935268506570722,-0.010734641926139064
randomized_non_lattice_usage,4.5,freshness_cost_jpy,16.538055563665047,16.46653848509573,0.07151707856931822,0.004343176231850434
randomized_non_lattice_usage,4.5,handling_cost_jpy,3.635375,3.631736979166667,0.0036380208333328667,0.0010017302613604033
randomized_non_lattice_usage,4.5,adaptation_cost_jpy,18.40967447916666,24.447430555555556,-6.037756076388895,-0.24696894271438458
randomized_non_lattice_usage,5.0,generalized_cost_jpy,87691.07740666858,87825.3707678599,-134.29336119131767,-0.0015290952946419322
randomized_non_lattice_usage,5.0,physical_discard_kg,0.12753751534756197,0.12698335582228812,0.0005541595252738507,0.004364032763863881
randomized_non_lattice_usage,5.0,purchases,20.43873958333333,20.461782552083335,-0.02304296875000489,-0.0011261466928089677
randomized_non_lattice_usage,5.0,packaging_mass_kg,0.7013790504620876,0.7021697966563822,-0.0007907461942946448,-0.0011261466928085611
randomized_non_lattice_usage,5.0,storage_kg_days,896.3981199247135,898.41915606631,-2.0210361415965963,-0.002249547027075443
randomized_non_lattice_usage,5.0,mean_age_at_consumption_days,13.142215260175302,13.13053938966843,0.011675870506872243,0.0008892148418563238
randomized_non_lattice_usage,5.0,product_cost_jpy,84862.22126007265,84992.1617624641,-129.94050239144417,-0.0015288527753253482
randomized_non_lattice_usage,5.0,unmet_demand_cost_jpy,0.21510699292485033,0.1856235680768335,0.02948342484801683,0.1588344904339573
randomized_non_lattice_usage,5.0,purchase_event_cost_jpy,2452.64875,2455.41390625,-2.765156250000018,-0.0011261466928087366
randomized_non_lattice_usage,5.0,packaging_cost_jpy,245.48266766173066,245.75942882973385,-0.2767611680031905,-0.0011261466928088248
randomized_non_lattice_usage,5.0,storage_cost_jpy,71.71184959397708,71.87353248530479,-0.16168289132771463,-0.0022495470270752615
randomized_non_lattice_usage,5.0,freshness_cost_jpy,24.859048388972298,24.686070686294876,0.17297770267742152,0.00700709743869666
randomized_non_lattice_usage,5.0,handling_cost_jpy,13.123333333333335,13.122010416666669,0.001322916666666174,0.00010081661457804491
randomized_non_lattice_usage,5.0,adaptation_cost_jpy,20.815390625,22.16843315972222,-1.3530425347222206,-0.06103464890701255
randomized_non_lattice_usage,9.0,generalized_cost_jpy,86272.47454554224,86405.42492050031,-132.95037495807628,-0.0015386808765815447
randomized_non_lattice_usage,9.0,physical_discard_kg,0.7554043665973889,0.7541079365627882,0.0012964300346006707,0.0017191571282352204
randomized_non_lattice_usage,9.0,purchases,11.432228732638889,11.45318532986111,-0.020956597222221873,-0.0018297614697269557
randomized_non_lattice_usage,9.0,packaging_mass_kg,0.5366372582483311,0.5376209763962579,-0.0009837181479268597,-0.0018297614697269592
randomized_non_lattice_usage,9.0,storage_kg_days,1627.0515264302614,1634.2782581001782,-7.226731669916717,-0.00442197137121415
randomized_non_lattice_usage,9.0,mean_age_at_consumption_days,23.137107851965414,23.173023646556967,-0.0359157945915527,-0.0015498967739106004
randomized_non_lattice_usage,9.0,product_cost_jpy,84099.65630169243,84226.93592095096,-127.27961925852287,-0.001511151009671988
randomized_non_lattice_usage,9.0,unmet_demand_cost_jpy,0.09205296075902585,0.22431268568993015,-0.13225972493090432,-0.5896221362786783
randomized_non_lattice_usage,9.0,purchase_event_cost_jpy,1371.8674479166666,1374.3822395833333,-2.5147916666667243,-0.001829761469727028
randomized_non_lattice_usage,9.0,packaging_cost_jpy,187.82304038691586,188.16734173869025,-0.3443013517743907,-0.001829761469726905
randomized_non_lattice_usage,9.0,storage_cost_jpy,130.16412211442093,130.74226064801422,-0.5781385335932896,-0.004421971371213786
randomized_non_lattice_usage,9.0,freshness_cost_jpy,144.5560249154804,144.57091347002594,-0.014888554545535726,-0.0001029844398722886
randomized_non_lattice_usage,9.0,handling_cost_jpy,327.56141493055554,328.15256076388886,-0.5911458333333144,-0.0018014359904954497
randomized_non_lattice_usage,9.0,adaptation_cost_jpy,10.754140624999998,12.24937065972222,-1.4952300347222227,-0.12206586577045665
randomized_non_lattice_usage,10.0,generalized_cost_jpy,86338.37972451415,86466.69014650896,-128.31042199481453,-0.001483928918493418
randomized_non_lattice_usage,10.0,physical_discard_kg,0.9899879449300051,0.9883271352966757,0.0016608096333293743,0.001680425007081115
randomized_non_lattice_usage,10.0,purchases,10.300332899305555,10.31112109375,-0.010788194444444343,-0.0010462678448208234
randomized_non_lattice_usage,10.0,packaging_mass_kg,0.5126918547056435,0.5132288295270127,-0.0005369748213691627,-0.0010462678448208652
randomized_non_lattice_usage,10.0,storage_kg_days,1810.512308977473,1811.1576797657838,-0.6453707883108564,-0.00035633053682786734
randomized_non_lattice_usage,10.0,mean_age_at_consumption_days,25.70576190622058,25.659437451012543,0.04632445520803685,0.001805357397116625
randomized_non_lattice_usage,10.0,product_cost_jpy,84060.71638220771,84187.56096304818,-126.84458084046491,-0.0015066902923596974
randomized_non_lattice_usage,10.0,unmet_demand_cost_jpy,0.22093915513062112,0.06846764706022619,0.15247150807039495,2.2269132154676856
randomized_non_lattice_usage,10.0,purchase_event_cost_jpy,1236.0399479166667,1237.33453125,-1.2945833333333212,-0.0010462678448208234
randomized_non_lattice_usage,10.0,packaging_cost_jpy,179.4421491469752,179.63009033445442,-0.1879411874792254,-0.0010462678448209678
randomized_non_lattice_usage,10.0,storage_cost_jpy,144.84098471819783,144.8926143812627,-0.05162966306485828,-0.00035633053682779676
randomized_non_lattice_usage,10.0,freshness_cost_jpy,187.92393942501977,187.45440432719045,0.469535097829322,0.0025047962970759364
randomized_non_lattice_usage,10.0,handling_cost_jpy,518.4160763888889,518.7616666666667,-0.34559027777777374,-0.0006661831434045314
randomized_non_lattice_usage,10.0,adaptation_cost_jpy,10.779305555555556,10.987408854166663,-0.20810329861110688,-0.018940161540652017
