regime,contrast,minuend_portfolio,subtrahend_portfolio,mean_difference_jpy,standard_error_jpy,ci_low_jpy,ci_high_jpy,probability_positive,confidence_level
baseline,best_1_minus_best_2,9,5|10,290.88274535793784,1.698468587762124,287.55380809705144,294.2116826188242,1.0,0.95
baseline,best_1_minus_best_3,9,5|9|10,147.6454596409542,1.6173344954565765,144.47554227890504,150.81537700300333,1.0,0.95
baseline,best_2_minus_best_3,5|10,5|9|10,-143.23728571698362,0.5441290149594746,-144.30375898924746,-142.1708124447198,0.0,0.95
baseline,runner_up_minus_best_1,10,9,65.90517897190966,1.814168533093756,62.34947398516004,69.46088395865928,1.0,0.95
baseline,runner_up_minus_best_2,4.5|10,5|10,25.21821595121658,0.7618699596108158,23.7249782694764,26.711453632956765,0.9947916666666666,0.95
baseline,runner_up_minus_best_3,4.5|9|10,5|9|10,25.218215951217264,0.7618699596108732,23.724978269476967,26.71145363295756,0.9947916666666666,0.95
full_carry_no_spoilage,best_1_minus_best_2,10,9|10,-153.42517936737121,1.1328082560642179,-155.6454427506467,-151.20491598409572,0.0,0.95
full_carry_no_spoilage,best_1_minus_best_3,10,5|9|10,-333.26712452861403,0.9203512480570718,-335.0709798279324,-331.4632692292957,0.0,0.95
full_carry_no_spoilage,best_2_minus_best_3,9|10,5|9|10,-179.84194516124285,0.5519591192411074,-180.92376515589388,-178.76012516659182,0.0,0.95
full_carry_no_spoilage,runner_up_minus_best_1,9,10,129.13416929678274,1.3977565440114446,126.39461681136514,131.87372178220036,1.0,0.95
full_carry_no_spoilage,runner_up_minus_best_2,5|10,9|10,13.049642249656548,0.975939672407159,11.136835640654699,14.962448858658398,0.859375,0.95
full_carry_no_spoilage,runner_up_minus_best_3,1.8|9|10,5|9|10,0.15805483875715254,0.5519591192411074,-0.9237651558938671,1.2398748334081722,0.5520833333333334,0.95
perfect_final_batch_adaptation,best_1_minus_best_2,9,5|10,264.4533869811573,1.9314684847321884,260.667778313808,268.23899564850655,1.0,0.95
perfect_final_batch_adaptation,best_1_minus_best_3,9,5|9|10,117.28866940393777,1.7879086820042118,113.78443277956305,120.7929060283125,1.0,0.95
perfect_final_batch_adaptation,best_2_minus_best_3,5|10,5|9|10,-147.16471757721948,0.5458869245012903,-148.23463628887333,-146.09479886556562,0.0,0.95
perfect_final_batch_adaptation,runner_up_minus_best_1,10,9,52.010874991842,2.017376873079432,48.056888977362284,55.96486100632172,0.9791666666666666,0.95
perfect_final_batch_adaptation,runner_up_minus_best_2,4.5|10,5|10,33.05035265455073,0.8079111489993248,31.46687589980368,34.633829409297775,1.0,0.95
perfect_final_batch_adaptation,runner_up_minus_best_3,4.5|5|10,5|9|10,26.535631523956756,0.8592994883250434,24.851435474905973,28.21982757300754,0.984375,0.95
zero_sku_complexity,best_1_minus_best_2,9,5|10,470.88274535793784,1.698468587762124,467.55380809705144,474.2116826188242,1.0,0.95
zero_sku_complexity,best_1_minus_best_3,9,5|9|10,507.6454596409542,1.6173344954565765,504.47554227890504,510.81537700300333,1.0,0.95
zero_sku_complexity,best_2_minus_best_3,5|10,5|9|10,36.76271428301637,0.5441290149594746,35.696241010752544,37.8291875552802,1.0,0.95
zero_sku_complexity,runner_up_minus_best_1,10,9,65.90517897190966,1.814168533093756,62.34947398516004,69.46088395865928,1.0,0.95
zero_sku_complexity,runner_up_minus_best_2,4.5|10,5|10,25.21821595121658,0.7618699596108158,23.7249782694764,26.711453632956765,0.9947916666666666,0.95
zero_sku_complexity,runner_up_minus_best_3,4.5|9|10,5|9|10,25.218215951217264,0.7618699596108732,23.724978269476967,26.71145363295756,0.9947916666666666,0.95
high_sku_complexity,best_1_minus_best_2,9,5|10,-429.11725464206216,1.698468587762124,-432.44619190294856,-425.7883173811758,0.0,0.95
high_sku_complexity,best_1_minus_best_3,9,5|9|10,-1292.3545403590458,1.6173344954565765,-1295.524457721095,-1289.1846229969967,0.0,0.95
high_sku_complexity,best_2_minus_best_3,5|10,5|9|10,-863.2372857169836,0.5441290149594746,-864.3037589892474,-862.1708124447198,0.0,0.95
high_sku_complexity,runner_up_minus_best_1,10,9,65.90517897190966,1.814168533093756,62.34947398516004,69.46088395865928,1.0,0.95
high_sku_complexity,runner_up_minus_best_2,4.5|10,5|10,25.21821595121658,0.7618699596108158,23.7249782694764,26.711453632956765,0.9947916666666666,0.95
high_sku_complexity,runner_up_minus_best_3,4.5|9|10,5|9|10,25.218215951217264,0.7618699596108732,23.724978269476967,26.71145363295756,0.9947916666666666,0.95
packaging_logistics_dominant,best_1_minus_best_2,10,5|10,16.552399013646436,1.6476693037683057,13.323026519828371,19.7817715074645,0.7291666666666666,0.95
packaging_logistics_dominant,best_1_minus_best_3,10,5|9|10,-106.10459507147137,2.4228592938013525,-110.85331202693017,-101.35587811601256,0.0,0.95
packaging_logistics_dominant,best_2_minus_best_3,5|10,5|9|10,-122.6569940851178,1.9785575512109397,-126.534895626831,-118.7790925434046,0.0,0.95
packaging_logistics_dominant,runner_up_minus_best_1,9,10,239.2733859878534,3.1799573891695236,233.04078403270913,245.50598794299768,1.0,0.95
packaging_logistics_dominant,runner_up_minus_best_2,4.5|10,5|10,23.197778195374894,1.2598078501086372,20.72860018172113,25.66695620902866,0.90625,0.95
packaging_logistics_dominant,runner_up_minus_best_3,4.5|9|10,5|9|10,23.197778195374593,1.2598078501086702,20.728600181720765,25.66695620902842,0.90625,0.95
consumer_inconvenience_dominant,best_1_minus_best_2,9,5|9,521.9897633634447,2.0128391445964327,518.0446711333633,525.9348555935261,1.0,0.95
consumer_inconvenience_dominant,best_1_minus_best_3,9,4.5|5|9,358.1867479682582,2.108139690945514,354.0548700996256,362.3186258368908,1.0,0.95
consumer_inconvenience_dominant,best_2_minus_best_3,5|9,4.5|5|9,-163.80301539518646,1.0068904735767736,-165.77648445977343,-161.8295463305995,0.0,0.95
consumer_inconvenience_dominant,runner_up_minus_best_1,10,9,447.79065640246466,2.99008362639198,441.93020018397345,453.65111262095587,1.0,0.95
consumer_inconvenience_dominant,runner_up_minus_best_2,4.5|9,5|9,8.302741992883966,1.577414261837564,5.211066850982506,11.394417134785426,0.6458333333333334,0.95
consumer_inconvenience_dominant,runner_up_minus_best_3,5|9|10,4.5|5|9,12.56510060286314,1.3385409450473227,9.94160855873818,15.1885926469881,0.765625,0.95
no_discrete_consumption_quantum,best_1_minus_best_2,9,5|10,294.93031793482027,1.6738908563010522,291.6495521424193,298.21108372722125,1.0,0.95
no_discrete_consumption_quantum,best_1_minus_best_3,9,5|9|10,151.1274048747492,1.5696900566044583,148.0508688969138,154.2039408525846,1.0,0.95
no_discrete_consumption_quantum,best_2_minus_best_3,5|10,5|9|10,-143.80291306007106,0.6152767959894802,-145.00883342073365,-142.59699269940847,0.0,0.95
no_discrete_consumption_quantum,runner_up_minus_best_1,10,9,61.909367016810315,1.9810507970420153,58.02657880306359,65.79215523055703,0.9947916666666666,0.95
no_discrete_consumption_quantum,runner_up_minus_best_2,4.5|10,5|10,25.09735225520588,0.7333635086159159,23.659986190742757,26.534718319669004,1.0,0.95
no_discrete_consumption_quantum,runner_up_minus_best_3,4.5|9|10,5|9|10,25.097352255205198,0.7333635086159321,23.659986190742043,26.534718319668354,1.0,0.95
randomized_non_lattice_usage,best_1_minus_best_2,9,5|10,295.6212053096217,1.7480631813001657,292.19506443157286,299.04734618767054,1.0,0.95
randomized_non_lattice_usage,best_1_minus_best_3,9,5|9|10,151.81462593377964,1.6553234864245796,148.57025151762417,155.0590003499351,1.0,0.95
randomized_non_lattice_usage,best_2_minus_best_3,5|10,5|9|10,-143.80657937584206,0.5612148419271378,-144.9065402536086,-142.70661849807553,0.0,0.95
randomized_non_lattice_usage,runner_up_minus_best_1,10,9,61.26522600866883,1.678808684912843,57.97482144930661,64.55563056803106,1.0,0.95
randomized_non_lattice_usage,runner_up_minus_best_2,4.5|10,5|10,25.55751293473865,0.6956030264163887,24.194156055425463,26.920869814051837,1.0,0.95
randomized_non_lattice_usage,runner_up_minus_best_3,4.5|9|10,5|9|10,25.557512934738952,0.6956030264163829,24.19415605542578,26.920869814052125,1.0,0.95
continuous_no_spoilage,best_1_minus_best_2,10,9|10,-155.90555799721264,1.2083170752567887,-158.27381594662072,-153.53730004780456,0.0,0.95
continuous_no_spoilage,best_1_minus_best_3,10,5|9|10,-334.5413095531887,0.9387979524606939,-336.3813197287716,-332.7012993776058,0.0,0.95
continuous_no_spoilage,best_2_minus_best_3,9|10,5|9|10,-178.63575155597604,0.5680856535439804,-179.74917897705615,-177.52232413489594,0.0,0.95
continuous_no_spoilage,runner_up_minus_best_1,9,10,135.97331297304208,1.3838868613075823,133.26094456620103,138.68568137988314,1.0,0.95
continuous_no_spoilage,runner_up_minus_best_2,5|10,9|10,11.36541590696091,1.0234615884395024,9.359468054059331,13.37136375986249,0.8020833333333334,0.95
continuous_no_spoilage,runner_up_minus_best_3,1.8|9|10,5|9|10,1.3642484440239666,0.5680856535439804,0.2508210229438661,2.477675865104067,0.5989583333333334,0.95
