sku_count,portfolio,baseline,consumer_inconvenience_dominant,continuous_no_spoilage,full_carry_no_spoilage,high_sku_complexity,no_discrete_consumption_quantum,packaging_logistics_dominant,perfect_final_batch_adaptation,randomized_non_lattice_usage,zero_sku_complexity,maximum_regret_jpy,mean_regret_jpy
2,5|10,0.0,131.4242572967196,167.27097390417475,166.47482161704102,429.1172546420712,0.0,0.0,0.0,0.0,36.762714283016976,429.1172546420712,93.10500217430236
2,4.5|10,25.218215951201273,173.50580513729074,180.0,180.0,454.3354705932725,25.097352255193982,23.197778195375577,33.05035265456536,25.55751293474168,61.98093023421825,454.3354705932725,118.19434179558593
1,9,290.8827453579288,521.9897633634391,135.97331297303026,129.13416929679806,0.0,294.9303179347917,255.82578500150703,264.45338698115665,295.62120530963875,507.6454596409458,521.9897633634391,269.6456145859236
2,5|9,106.50462261948269,0.0,314.60906452900963,308.97611445802613,535.6218772615539,110.09465353933047,307.71466168518236,113.44680807330587,109.62754094283446,143.26733690249966,535.6218772615539,204.9862680011225
2,4.5|9,131.72283857071307,8.302741992898518,315.97331297303026,309.13416929679806,560.8400932127843,135.192005794539,330.91243988055794,146.49716072785668,135.18505387757614,168.48555285373004,560.8400932127843,224.2245369180484
2,3|10,233.63091056761914,445.92376427350973,180.0,180.0,662.7481652096903,234.9185695854103,196.55239901365712,227.0909965634928,236.39372351468774,270.3936248506361,662.7481652096903,286.7652153578703
2,3|9,259.5517793376057,280.7207011291175,315.97331297303026,309.13416929679806,688.6690339796769,263.8759330010653,435.82578500150703,263.2517985151644,264.06798785264255,296.31449362062267,688.6690339796769,337.738499470723
2,2.4|10,317.7378366536286,698.4163914444507,180.0,180.0,746.8550912956998,316.6907896097546,196.55239901365712,317.3451865951938,319.262320471782,354.5005509366456,746.8550912956998,362.73605660208125
2,9|10,327.61540845540003,698.357879361487,155.90555799721915,153.42517936739023,756.7326630974712,328.6385774555238,70.76811740145786,298.17129648508853,329.8002437426476,364.378122738417,756.7326630974712,348.3793046102102
2,2.4|9,343.65870542358607,459.0303588457755,315.97331297303026,309.13416929679806,772.7759600656573,345.64815302540956,435.82578500150703,353.50598854687996,346.93658480975137,380.42141970660305,772.7759600656573,406.2910437694998
2,2.25|10,347.1706863754662,784.5300781161204,180.0,180.0,776.2879410175374,345.6884108287486,196.55239901365712,347.4491763937258,348.0286697454867,383.93340065848315,784.5300781161204,388.96407621492256
2,2.25|9,373.0915551454236,493.8574012759491,315.97331297303026,309.13416929679806,802.2088097874948,374.6457742444036,435.82578500150703,383.6099783453974,375.7029340834415,409.8542694284406,802.2088097874948,427.3903989581886
2,2.1|9,405.35862408805406,526.79585042689,315.97331297303026,309.13416929679806,834.4758787301253,407.13573130399163,435.82578500150703,415.2720291156729,408.41261542351276,442.12133837107103,834.4758787301253,450.0505334730653
2,2.1|10,379.4377553180675,842.0986309624714,180.0,180.0,808.5550099601387,378.17836788833665,196.55239901365712,379.11122716398677,380.7383510855434,416.2004696010845,842.0986309624714,414.0872210993286
2,2|10,402.25219600251876,855.8378633135871,180.0,180.0,831.36945064459,402.64472593822575,196.55239901365712,406.09406079859764,404.7520305143553,439.01491028553573,855.8378633135871,429.85176365110675
2,2|9,428.1730647724762,540.5350827780057,315.97331297303026,309.13416929679806,857.2903194145474,431.60208935388073,435.82578500150703,442.25486275026924,432.42629485232465,464.9357790554932,857.2903194145474,465.8150760248333
2,1.8|9,470.8827453579288,588.6436496448296,315.97331297303026,309.13416929679806,900.0,474.9303179347917,435.82578500150703,444.45338698115665,475.62120530963875,507.6454596409458,900.0,492.3110032140627
2,1.8|10,456.2642784943455,903.946430180411,180.0,180.0,885.3815331364167,457.9010368134186,196.55239901365712,457.1184155756782,460.54287650420156,493.02699277736247,903.946430180411,467.0733962495491
1,10,356.78792432983755,969.7804197659134,0.0,0.0,65.90517897190875,356.83968495162844,16.552399013657123,316.4642619730148,356.8864313183003,573.5506386128545,969.7804197659134,301.27669389371147
3,5|9|10,143.23728571698302,176.36811599804787,334.54130955318396,333.2671245286183,1292.3545403590542,143.80291306006256,122.65699408511864,147.1647175772232,143.80657937584328,0.0,1292.3545403590542,283.7199580254135
3,4.5|9|10,168.4555016681843,184.6708579909464,335.90555799721915,333.42517936739023,1317.5727563102555,168.90026531525655,145.85477228049422,180.21507023178856,169.36409231058497,25.218215951201273,1317.5727563102555,302.9582269423321
3,4.5|5|10,169.94862477018614,295.22727269190364,347.27097390417475,346.474821617041,1319.0658794122573,169.97584003921656,180.0,173.70034910118557,171.01453597353247,26.71133905320312,1319.0658794122573,319.93896365627006
3,1.8|5|10,180.0,311.4242572967196,347.27097390417475,346.474821617041,1329.1172546420712,180.0,180.0,180.0,180.0,36.762714283016976,1329.1172546420712,327.10500217430234
3,2.1|5|10,180.0,311.4242572967196,347.27097390417475,346.474821617041,1329.1172546420712,180.0,180.0,180.0,180.0,36.762714283016976,1329.1172546420712,327.10500217430234
3,2.25|5|10,180.0,311.4242572967196,347.27097390417475,346.474821617041,1329.1172546420712,180.0,180.0,180.0,180.0,36.762714283016976,1329.1172546420712,327.10500217430234
3,2.4|5|10,180.0,311.4242572967196,347.27097390417475,346.474821617041,1329.1172546420712,180.0,180.0,180.0,180.0,36.762714283016976,1329.1172546420712,327.10500217430234
3,2|5|10,180.0,311.4242572967196,347.27097390417475,346.474821617041,1329.1172546420712,180.0,180.0,180.0,180.0,36.762714283016976,1329.1172546420712,327.10500217430234
3,3|5|10,180.0,311.4242572967196,347.27097390417475,346.474821617041,1329.1172546420712,180.0,180.0,180.0,180.0,36.762714283016976,1329.1172546420712,327.10500217430234
3,1.8|4.5|10,205.21821595120127,353.50580513729074,360.0,360.0,1354.3354705932725,205.09735225519398,203.19777819537558,213.05035265456536,205.55751293474168,61.98093023421825,1354.3354705932725,352.19434179558596
3,2.1|4.5|10,205.21821595120127,353.50580513729074,360.0,360.0,1354.3354705932725,205.09735225519398,203.19777819537558,213.05035265456536,205.55751293474168,61.98093023421825,1354.3354705932725,352.19434179558596
3,2.25|4.5|10,205.21821595120127,353.50580513729074,360.0,360.0,1354.3354705932725,205.09735225519398,203.19777819537558,213.05035265456536,205.55751293474168,61.98093023421825,1354.3354705932725,352.19434179558596
3,2.4|4.5|10,205.21821595120127,353.50580513729074,360.0,360.0,1354.3354705932725,205.09735225519398,203.19777819537558,213.05035265456536,205.55751293474168,61.98093023421825,1354.3354705932725,352.19434179558596
3,2|4.5|10,205.21821595120127,353.50580513729074,360.0,360.0,1354.3354705932725,205.09735225519398,203.19777819537558,213.05035265456536,205.55751293474168,61.98093023421825,1354.3354705932725,352.19434179558596
3,3|4.5|10,205.21821595120127,353.50580513729074,360.0,360.0,1354.3354705932725,205.09735225519398,203.19777819537558,213.05035265456536,205.55751293474168,61.98093023421825,1354.3354705932725,352.19434179558596
3,4.5|5|9,276.45324738966883,163.80301539518405,494.60906452900963,488.97611445802613,1425.57050203174,280.0704935785616,487.71466168518236,287.1471571744769,280.64207691636693,133.2159616726858,1425.57050203174,431.8202294830902
3,1.8|5|9,286.5046226194827,180.0,494.60906452900963,488.97611445802613,1435.621877261554,290.09465353933047,487.71466168518236,293.4468080733059,289.62754094283446,143.26733690249966,1435.621877261554,438.98626800112254
3,2.1|5|9,286.5046226194827,180.0,494.60906452900963,488.97611445802613,1435.621877261554,290.09465353933047,487.71466168518236,293.4468080733059,289.62754094283446,143.26733690249966,1435.621877261554,438.98626800112254
3,2.25|5|9,286.5046226194827,180.0,494.60906452900963,488.97611445802613,1435.621877261554,290.09465353933047,487.71466168518236,293.4468080733059,289.62754094283446,143.26733690249966,1435.621877261554,438.98626800112254
3,2.4|5|9,286.5046226194827,180.0,494.60906452900963,488.97611445802613,1435.621877261554,290.09465353933047,487.71466168518236,293.4468080733059,289.62754094283446,143.26733690249966,1435.621877261554,438.98626800112254
3,2|5|9,286.5046226194827,180.0,494.60906452900963,488.97611445802613,1435.621877261554,290.09465353933047,487.71466168518236,293.4468080733059,289.62754094283446,143.26733690249966,1435.621877261554,438.98626800112254
3,3|5|9,286.5046226194827,180.0,494.60906452900963,488.97611445802613,1435.621877261554,290.09465353933047,487.71466168518236,293.4468080733059,289.62754094283446,143.26733690249966,1435.621877261554,438.98626800112254
3,3|9|10,296.2844424350769,457.0888171271654,335.90555799721915,333.42517936739023,1445.4016970771481,297.5841925217828,250.76811740145786,296.96970801908174,298.2470262856514,153.0471567180939,1445.4016970771481,416.4721894950068
3,1.8|4.5|9,311.72283857071307,188.30274199289852,495.97331297303026,489.13416929679806,1460.8400932127843,315.192005794539,510.91243988055794,326.4971607278567,315.18505387757614,168.48555285373004,1460.8400932127843,458.2245369180484
3,2.1|4.5|9,311.72283857071307,188.30274199289852,495.97331297303026,489.13416929679806,1460.8400932127843,315.192005794539,510.91243988055794,326.4971607278567,315.18505387757614,168.48555285373004,1460.8400932127843,458.2245369180484
3,2.25|4.5|9,311.72283857071307,188.30274199289852,495.97331297303026,489.13416929679806,1460.8400932127843,315.192005794539,510.91243988055794,326.4971607278567,315.18505387757614,168.48555285373004,1460.8400932127843,458.2245369180484
3,2.4|4.5|9,311.72283857071307,188.30274199289852,495.97331297303026,489.13416929679806,1460.8400932127843,315.192005794539,510.91243988055794,326.4971607278567,315.18505387757614,168.48555285373004,1460.8400932127843,458.2245369180484
3,2|4.5|9,311.72283857071307,188.30274199289852,495.97331297303026,489.13416929679806,1460.8400932127843,315.192005794539,510.91243988055794,326.4971607278567,315.18505387757614,168.48555285373004,1460.8400932127843,458.2245369180484
3,3|4.5|9,311.72283857071307,188.30274199289852,495.97331297303026,489.13416929679806,1460.8400932127843,315.192005794539,510.91243988055794,326.4971607278567,315.18505387757614,168.48555285373004,1460.8400932127843,458.2245369180484
3,2.4|9|10,380.3913685210864,635.3984748438234,335.90555799721915,333.42517936739023,1529.5086231631576,379.3564125461271,250.76811740145786,387.22389805081184,381.1156232427602,237.15408280410338,1529.5086231631576,485.0247337937937
3,2.25|9|10,409.82421824292396,670.225517273997,335.90555799721915,333.42517936739023,1558.9414728849952,408.35403376512113,250.76811740145786,417.3278878493293,409.88197251645033,266.58693252594094,1558.9414728849952,506.1240889824825
3,1.8|3|10,413.63091056761914,625.9237642735097,360.0,360.0,1562.7481652096903,414.9185695854103,376.5523990136571,407.0909965634928,416.39372351468774,270.3936248506361,1562.7481652096903,520.7652153578704
3,2.1|3|10,413.63091056761914,625.9237642735097,360.0,360.0,1562.7481652096903,414.9185695854103,376.5523990136571,407.0909965634928,416.39372351468774,270.3936248506361,1562.7481652096903,520.7652153578704
3,2.25|3|10,413.63091056761914,625.9237642735097,360.0,360.0,1562.7481652096903,414.9185695854103,376.5523990136571,407.0909965634928,416.39372351468774,270.3936248506361,1562.7481652096903,520.7652153578704
3,2.4|3|10,413.63091056761914,625.9237642735097,360.0,360.0,1562.7481652096903,414.9185695854103,376.5523990136571,407.0909965634928,416.39372351468774,270.3936248506361,1562.7481652096903,520.7652153578704
3,2|3|10,413.63091056761914,625.9237642735097,360.0,360.0,1562.7481652096903,414.9185695854103,376.5523990136571,407.0909965634928,416.39372351468774,270.3936248506361,1562.7481652096903,520.7652153578704
3,1.8|3|9,439.5517793376057,460.7207011291175,495.97331297303026,489.13416929679806,1588.669033979677,443.8759330010653,615.825785001507,443.2517985151644,444.06798785264255,296.31449362062267,1588.669033979677,571.738499470723
3,2.1|3|9,439.5517793376057,460.7207011291175,495.97331297303026,489.13416929679806,1588.669033979677,443.8759330010653,615.825785001507,443.2517985151644,444.06798785264255,296.31449362062267,1588.669033979677,571.738499470723
3,2.25|3|9,439.5517793376057,460.7207011291175,495.97331297303026,489.13416929679806,1588.669033979677,443.8759330010653,615.825785001507,443.2517985151644,444.06798785264255,296.31449362062267,1588.669033979677,571.738499470723
3,2.4|3|9,439.5517793376057,460.7207011291175,495.97331297303026,489.13416929679806,1588.669033979677,443.8759330010653,615.825785001507,443.2517985151644,444.06798785264255,296.31449362062267,1588.669033979677,571.738499470723
3,2|3|9,439.5517793376057,460.7207011291175,495.97331297303026,489.13416929679806,1588.669033979677,443.8759330010653,615.825785001507,443.2517985151644,444.06798785264255,296.31449362062267,1588.669033979677,571.738499470723
3,2.1|9|10,442.0912871855253,703.1639664249378,335.90555799721915,333.42517936739023,1591.2085418275965,440.84399082472373,250.76811740145786,448.9899386196048,442.5916538565216,298.85400146854226,1591.2085418275965,528.784223497352
3,2|9|10,464.90572786997654,716.9031987760536,335.90555799721915,333.42517936739023,1614.0229825120477,465.3103488745983,250.76811740145786,475.9727722542011,466.6053332853335,321.6684421529935,1614.0229825120477,544.5487660491272
3,1.8|2.4|10,497.7378366536286,878.4163914444507,360.0,360.0,1646.8550912956998,496.6907896097546,376.5523990136571,497.3451865951938,499.262320471782,354.5005509366456,1646.8550912956998,596.7360566020812
3,2.1|2.4|10,497.7378366536286,878.4163914444507,360.0,360.0,1646.8550912956998,496.6907896097546,376.5523990136571,497.3451865951938,499.262320471782,354.5005509366456,1646.8550912956998,596.7360566020812
3,2.25|2.4|10,497.7378366536286,878.4163914444507,360.0,360.0,1646.8550912956998,496.6907896097546,376.5523990136571,497.3451865951938,499.262320471782,354.5005509366456,1646.8550912956998,596.7360566020812
3,2|2.4|10,497.7378366536286,878.4163914444507,360.0,360.0,1646.8550912956998,496.6907896097546,376.5523990136571,497.3451865951938,499.262320471782,354.5005509366456,1646.8550912956998,596.7360566020812
3,1.8|9|10,507.61540845540003,765.0117656428774,335.90555799721915,333.42517936739023,1656.7326630974712,508.6385774555238,250.76811740145786,478.17129648508853,509.8002437426476,364.378122738417,1656.7326630974712,571.0446932383493
3,1.8|2.4|9,523.6587054235861,639.0303588457755,495.97331297303026,489.13416929679806,1672.7759600656573,525.6481530254096,615.825785001507,533.50598854688,526.9365848097514,380.42141970660305,1672.7759600656573,640.2910437694998
3,2.1|2.4|9,523.6587054235861,639.0303588457755,495.97331297303026,489.13416929679806,1672.7759600656573,525.6481530254096,615.825785001507,533.50598854688,526.9365848097514,380.42141970660305,1672.7759600656573,640.2910437694998
3,2.25|2.4|9,523.6587054235861,639.0303588457755,495.97331297303026,489.13416929679806,1672.7759600656573,525.6481530254096,615.825785001507,533.50598854688,526.9365848097514,380.42141970660305,1672.7759600656573,640.2910437694998
3,2|2.4|9,523.6587054235861,639.0303588457755,495.97331297303026,489.13416929679806,1672.7759600656573,525.6481530254096,615.825785001507,533.50598854688,526.9365848097514,380.42141970660305,1672.7759600656573,640.2910437694998
3,1.8|2.25|10,527.1706863754662,964.5300781161204,360.0,360.0,1676.2879410175374,525.6884108287486,376.5523990136571,527.4491763937258,528.0286697454867,383.93340065848315,1676.2879410175374,622.9640762149226
3,2.1|2.25|10,527.1706863754662,964.5300781161204,360.0,360.0,1676.2879410175374,525.6884108287486,376.5523990136571,527.4491763937258,528.0286697454867,383.93340065848315,1676.2879410175374,622.9640762149226
3,2|2.25|10,527.1706863754662,964.5300781161204,360.0,360.0,1676.2879410175374,525.6884108287486,376.5523990136571,527.4491763937258,528.0286697454867,383.93340065848315,1676.2879410175374,622.9640762149226
3,1.8|2.25|9,553.0915551454236,673.8574012759491,495.97331297303026,489.13416929679806,1702.2088097874948,554.6457742444036,615.825785001507,563.6099783453974,555.7029340834415,409.8542694284406,1702.2088097874948,661.3903989581886
3,2.1|2.25|9,553.0915551454236,673.8574012759491,495.97331297303026,489.13416929679806,1702.2088097874948,554.6457742444036,615.825785001507,563.6099783453974,555.7029340834415,409.8542694284406,1702.2088097874948,661.3903989581886
3,2|2.25|9,553.0915551454236,673.8574012759491,495.97331297303026,489.13416929679806,1702.2088097874948,554.6457742444036,615.825785001507,563.6099783453974,555.7029340834415,409.8542694284406,1702.2088097874948,661.3903989581886
3,1.8|2.1|10,559.4377553180675,1022.0986309624714,360.0,360.0,1708.5550099601387,558.1783678883367,376.5523990136571,559.1112271639868,560.7383510855434,416.2004696010845,1708.5550099601387,648.0872210993286
3,2|2.1|10,559.4377553180675,1022.0986309624714,360.0,360.0,1708.5550099601387,558.1783678883367,376.5523990136571,559.1112271639868,560.7383510855434,416.2004696010845,1708.5550099601387,648.0872210993286
3,1.8|2|10,582.2521960025188,1035.8378633135871,360.0,360.0,1731.36945064459,582.6447259382257,376.5523990136571,586.0940607985976,584.7520305143553,439.01491028553573,1731.36945064459,663.8517636511067
3,1.8|2.1|9,585.3586240880541,706.79585042689,495.97331297303026,489.13416929679806,1734.4758787301253,587.1357313039916,615.825785001507,595.2720291156729,588.4126154235128,442.12133837107103,1734.4758787301253,684.0505334730653
3,2|2.1|9,585.3586240880541,706.79585042689,495.97331297303026,489.13416929679806,1734.4758787301253,587.1357313039916,615.825785001507,595.2720291156729,588.4126154235128,442.12133837107103,1734.4758787301253,684.0505334730653
3,1.8|2|9,608.1730647724762,720.5350827780057,495.97331297303026,489.13416929679806,1757.2903194145474,611.6020893538807,615.825785001507,622.2548627502692,612.4262948523246,464.9357790554932,1757.2903194145474,699.8150760248333
1,5,1709.4856064842752,1382.1452112953411,2068.5665119115874,2063.5621019640384,1418.6028611263464,1713.7360092864983,4066.6297593937925,1807.9709525874496,1715.5670526692265,1926.2483207672922,4066.6297593937925,1987.2514387485849
2,4.5|5,1879.4342312544613,1545.9482266905252,2248.5665119115874,2243.5621019640384,2308.5514858965325,1883.7118493257294,4246.6297593937925,1981.6713016886351,1886.5815886427445,1916.1969455374783,4246.6297593937925,2214.0854002305523
2,1.8|5,1889.4856064842752,1562.1452112953411,2248.5665119115874,2243.5621019640384,2318.6028611263464,1893.7360092864983,4246.6297593937925,1987.9709525874496,1895.5670526692265,1926.2483207672922,4246.6297593937925,2221.251438748585
2,2.1|5,1889.4856064842752,1562.1452112953411,2248.5665119115874,2243.5621019640384,2318.6028611263464,1893.7360092864983,4246.6297593937925,1987.9709525874496,1895.5670526692265,1926.2483207672922,4246.6297593937925,2221.251438748585
2,2.25|5,1889.4856064842752,1562.1452112953411,2248.5665119115874,2243.5621019640384,2318.6028611263464,1893.7360092864983,4246.6297593937925,1987.9709525874496,1895.5670526692265,1926.2483207672922,4246.6297593937925,2221.251438748585
2,2.4|5,1889.4856064842752,1562.1452112953411,2248.5665119115874,2243.5621019640384,2318.6028611263464,1893.7360092864983,4246.6297593937925,1987.9709525874496,1895.5670526692265,1926.2483207672922,4246.6297593937925,2221.251438748585
2,2|5,1889.4856064842752,1562.1452112953411,2248.5665119115874,2243.5621019640384,2318.6028611263464,1893.7360092864983,4246.6297593937925,1987.9709525874496,1895.5670526692265,1926.2483207672922,4246.6297593937925,2221.251438748585
2,3|5,1889.4856064842752,1562.1452112953411,2248.5665119115874,2243.5621019640384,2318.6028611263464,1893.7360092864983,4246.6297593937925,1987.9709525874496,1895.5670526692265,1926.2483207672922,4246.6297593937925,2221.251438748585
3,1.8|4.5|5,2059.4342312544613,1725.9482266905252,2428.5665119115874,2423.5621019640384,3208.5514858965325,2063.7118493257294,4426.6297593937925,2161.671301688635,2066.5815886427445,1916.1969455374783,4426.6297593937925,2448.0854002305523
3,2.1|4.5|5,2059.4342312544613,1725.9482266905252,2428.5665119115874,2423.5621019640384,3208.5514858965325,2063.7118493257294,4426.6297593937925,2161.671301688635,2066.5815886427445,1916.1969455374783,4426.6297593937925,2448.0854002305523
3,2.25|4.5|5,2059.4342312544613,1725.9482266905252,2428.5665119115874,2423.5621019640384,3208.5514858965325,2063.7118493257294,4426.6297593937925,2161.671301688635,2066.5815886427445,1916.1969455374783,4426.6297593937925,2448.0854002305523
3,2.4|4.5|5,2059.4342312544613,1725.9482266905252,2428.5665119115874,2423.5621019640384,3208.5514858965325,2063.7118493257294,4426.6297593937925,2161.671301688635,2066.5815886427445,1916.1969455374783,4426.6297593937925,2448.0854002305523
3,2|4.5|5,2059.4342312544613,1725.9482266905252,2428.5665119115874,2423.5621019640384,3208.5514858965325,2063.7118493257294,4426.6297593937925,2161.671301688635,2066.5815886427445,1916.1969455374783,4426.6297593937925,2448.0854002305523
3,3|4.5|5,2059.4342312544613,1725.9482266905252,2428.5665119115874,2423.5621019640384,3208.5514858965325,2063.7118493257294,4426.6297593937925,2161.671301688635,2066.5815886427445,1916.1969455374783,4426.6297593937925,2448.0854002305523
3,1.8|2.1|5,2069.485606484275,1742.1452112953411,2428.5665119115874,2423.5621019640384,3218.6028611263464,2073.7360092864983,4426.6297593937925,2167.9709525874496,2075.5670526692265,1926.2483207672922,4426.6297593937925,2455.251438748585
3,1.8|2.25|5,2069.485606484275,1742.1452112953411,2428.5665119115874,2423.5621019640384,3218.6028611263464,2073.7360092864983,4426.6297593937925,2167.9709525874496,2075.5670526692265,1926.2483207672922,4426.6297593937925,2455.251438748585
3,1.8|2.4|5,2069.485606484275,1742.1452112953411,2428.5665119115874,2423.5621019640384,3218.6028611263464,2073.7360092864983,4426.6297593937925,2167.9709525874496,2075.5670526692265,1926.2483207672922,4426.6297593937925,2455.251438748585
3,1.8|2|5,2069.485606484275,1742.1452112953411,2428.5665119115874,2423.5621019640384,3218.6028611263464,2073.7360092864983,4426.6297593937925,2167.9709525874496,2075.5670526692265,1926.2483207672922,4426.6297593937925,2455.251438748585
3,1.8|3|5,2069.485606484275,1742.1452112953411,2428.5665119115874,2423.5621019640384,3218.6028611263464,2073.7360092864983,4426.6297593937925,2167.9709525874496,2075.5670526692265,1926.2483207672922,4426.6297593937925,2455.251438748585
3,2.1|2.25|5,2069.485606484275,1742.1452112953411,2428.5665119115874,2423.5621019640384,3218.6028611263464,2073.7360092864983,4426.6297593937925,2167.9709525874496,2075.5670526692265,1926.2483207672922,4426.6297593937925,2455.251438748585
3,2.1|2.4|5,2069.485606484275,1742.1452112953411,2428.5665119115874,2423.5621019640384,3218.6028611263464,2073.7360092864983,4426.6297593937925,2167.9709525874496,2075.5670526692265,1926.2483207672922,4426.6297593937925,2455.251438748585
3,2.1|3|5,2069.485606484275,1742.1452112953411,2428.5665119115874,2423.5621019640384,3218.6028611263464,2073.7360092864983,4426.6297593937925,2167.9709525874496,2075.5670526692265,1926.2483207672922,4426.6297593937925,2455.251438748585
3,2.25|2.4|5,2069.485606484275,1742.1452112953411,2428.5665119115874,2423.5621019640384,3218.6028611263464,2073.7360092864983,4426.6297593937925,2167.9709525874496,2075.5670526692265,1926.2483207672922,4426.6297593937925,2455.251438748585
3,2.25|3|5,2069.485606484275,1742.1452112953411,2428.5665119115874,2423.5621019640384,3218.6028611263464,2073.7360092864983,4426.6297593937925,2167.9709525874496,2075.5670526692265,1926.2483207672922,4426.6297593937925,2455.251438748585
3,2.4|3|5,2069.485606484275,1742.1452112953411,2428.5665119115874,2423.5621019640384,3218.6028611263464,2073.7360092864983,4426.6297593937925,2167.9709525874496,2075.5670526692265,1926.2483207672922,4426.6297593937925,2455.251438748585
3,2|2.1|5,2069.485606484275,1742.1452112953411,2428.5665119115874,2423.5621019640384,3218.6028611263464,2073.7360092864983,4426.6297593937925,2167.9709525874496,2075.5670526692265,1926.2483207672922,4426.6297593937925,2455.251438748585
3,2|2.25|5,2069.485606484275,1742.1452112953411,2428.5665119115874,2423.5621019640384,3218.6028611263464,2073.7360092864983,4426.6297593937925,2167.9709525874496,2075.5670526692265,1926.2483207672922,4426.6297593937925,2455.251438748585
3,2|2.4|5,2069.485606484275,1742.1452112953411,2428.5665119115874,2423.5621019640384,3218.6028611263464,2073.7360092864983,4426.6297593937925,2167.9709525874496,2075.5670526692265,1926.2483207672922,4426.6297593937925,2455.251438748585
3,2|3|5,2069.485606484275,1742.1452112953411,2428.5665119115874,2423.5621019640384,3218.6028611263464,2073.7360092864983,4426.6297593937925,2167.9709525874496,2075.5670526692265,1926.2483207672922,4426.6297593937925,2455.251438748585
1,4.5,2158.5756419713434,1795.4193170949293,2560.096113659689,2546.4186433417344,1867.6928966134146,2168.750567026873,5109.635851173152,2255.6772045368853,2172.0994683537865,2375.3383562543604,5109.635851173152,2500.970406002617
2,1.8|4.5,2338.5756419713434,1975.4193170949293,2740.096113659689,2726.4186433417344,2767.6928966134146,2348.750567026873,5289.635851173152,2435.6772045368853,2352.0994683537865,2375.3383562543604,5289.635851173152,2734.970406002617
2,2.1|4.5,2338.5756419713434,1975.4193170949293,2740.096113659689,2726.4186433417344,2767.6928966134146,2348.750567026873,5289.635851173152,2435.6772045368853,2352.0994683537865,2375.3383562543604,5289.635851173152,2734.970406002617
2,2.25|4.5,2338.5756419713434,1975.4193170949293,2740.096113659689,2726.4186433417344,2767.6928966134146,2348.750567026873,5289.635851173152,2435.6772045368853,2352.0994683537865,2375.3383562543604,5289.635851173152,2734.970406002617
2,2.4|4.5,2338.5756419713434,1975.4193170949293,2740.096113659689,2726.4186433417344,2767.6928966134146,2348.750567026873,5289.635851173152,2435.6772045368853,2352.0994683537865,2375.3383562543604,5289.635851173152,2734.970406002617
2,2|4.5,2338.5756419713434,1975.4193170949293,2740.096113659689,2726.4186433417344,2767.6928966134146,2348.750567026873,5289.635851173152,2435.6772045368853,2352.0994683537865,2375.3383562543604,5289.635851173152,2734.970406002617
2,3|4.5,2338.5756419713434,1975.4193170949293,2740.096113659689,2726.4186433417344,2767.6928966134146,2348.750567026873,5289.635851173152,2435.6772045368853,2352.0994683537865,2375.3383562543604,5289.635851173152,2734.970406002617
3,1.8|2.1|4.5,2518.5756419713434,2155.4193170949293,2920.096113659689,2906.4186433417344,3667.6928966134146,2528.750567026873,5469.635851173152,2615.6772045368853,2532.0994683537865,2375.3383562543604,5469.635851173152,2968.970406002617
3,1.8|2.25|4.5,2518.5756419713434,2155.4193170949293,2920.096113659689,2906.4186433417344,3667.6928966134146,2528.750567026873,5469.635851173152,2615.6772045368853,2532.0994683537865,2375.3383562543604,5469.635851173152,2968.970406002617
3,1.8|2.4|4.5,2518.5756419713434,2155.4193170949293,2920.096113659689,2906.4186433417344,3667.6928966134146,2528.750567026873,5469.635851173152,2615.6772045368853,2532.0994683537865,2375.3383562543604,5469.635851173152,2968.970406002617
3,1.8|2|4.5,2518.5756419713434,2155.4193170949293,2920.096113659689,2906.4186433417344,3667.6928966134146,2528.750567026873,5469.635851173152,2615.6772045368853,2532.0994683537865,2375.3383562543604,5469.635851173152,2968.970406002617
3,1.8|3|4.5,2518.5756419713434,2155.4193170949293,2920.096113659689,2906.4186433417344,3667.6928966134146,2528.750567026873,5469.635851173152,2615.6772045368853,2532.0994683537865,2375.3383562543604,5469.635851173152,2968.970406002617
3,2.1|2.25|4.5,2518.5756419713434,2155.4193170949293,2920.096113659689,2906.4186433417344,3667.6928966134146,2528.750567026873,5469.635851173152,2615.6772045368853,2532.0994683537865,2375.3383562543604,5469.635851173152,2968.970406002617
3,2.1|2.4|4.5,2518.5756419713434,2155.4193170949293,2920.096113659689,2906.4186433417344,3667.6928966134146,2528.750567026873,5469.635851173152,2615.6772045368853,2532.0994683537865,2375.3383562543604,5469.635851173152,2968.970406002617
3,2.1|3|4.5,2518.5756419713434,2155.4193170949293,2920.096113659689,2906.4186433417344,3667.6928966134146,2528.750567026873,5469.635851173152,2615.6772045368853,2532.0994683537865,2375.3383562543604,5469.635851173152,2968.970406002617
3,2.25|2.4|4.5,2518.5756419713434,2155.4193170949293,2920.096113659689,2906.4186433417344,3667.6928966134146,2528.750567026873,5469.635851173152,2615.6772045368853,2532.0994683537865,2375.3383562543604,5469.635851173152,2968.970406002617
3,2.25|3|4.5,2518.5756419713434,2155.4193170949293,2920.096113659689,2906.4186433417344,3667.6928966134146,2528.750567026873,5469.635851173152,2615.6772045368853,2532.0994683537865,2375.3383562543604,5469.635851173152,2968.970406002617
3,2.4|3|4.5,2518.5756419713434,2155.4193170949293,2920.096113659689,2906.4186433417344,3667.6928966134146,2528.750567026873,5469.635851173152,2615.6772045368853,2532.0994683537865,2375.3383562543604,5469.635851173152,2968.970406002617
3,2|2.1|4.5,2518.5756419713434,2155.4193170949293,2920.096113659689,2906.4186433417344,3667.6928966134146,2528.750567026873,5469.635851173152,2615.6772045368853,2532.0994683537865,2375.3383562543604,5469.635851173152,2968.970406002617
3,2|2.25|4.5,2518.5756419713434,2155.4193170949293,2920.096113659689,2906.4186433417344,3667.6928966134146,2528.750567026873,5469.635851173152,2615.6772045368853,2532.0994683537865,2375.3383562543604,5469.635851173152,2968.970406002617
3,2|2.4|4.5,2518.5756419713434,2155.4193170949293,2920.096113659689,2906.4186433417344,3667.6928966134146,2528.750567026873,5469.635851173152,2615.6772045368853,2532.0994683537865,2375.3383562543604,5469.635851173152,2968.970406002617
3,2|3|4.5,2518.5756419713434,2155.4193170949293,2920.096113659689,2906.4186433417344,3667.6928966134146,2528.750567026873,5469.635851173152,2615.6772045368853,2532.0994683537865,2375.3383562543604,5469.635851173152,2968.970406002617
1,3,4359.575761677363,4028.1018638842797,4834.0409971420595,4812.583221956826,4068.693016319434,4379.566026543995,10267.106646727305,4548.909293837845,4382.359031344924,4576.33847596038,10267.106646727305,5025.727433539441
2,1.8|3,4539.575761677363,4208.10186388428,5014.0409971420595,4992.583221956826,4968.693016319434,4559.566026543995,10447.106646727305,4728.909293837845,4562.359031344924,4576.33847596038,10447.106646727305,5259.727433539441
2,2.1|3,4539.575761677363,4208.10186388428,5014.0409971420595,4992.583221956826,4968.693016319434,4559.566026543995,10447.106646727305,4728.909293837845,4562.359031344924,4576.33847596038,10447.106646727305,5259.727433539441
2,2.25|3,4539.575761677363,4208.10186388428,5014.0409971420595,4992.583221956826,4968.693016319434,4559.566026543995,10447.106646727305,4728.909293837845,4562.359031344924,4576.33847596038,10447.106646727305,5259.727433539441
2,2.4|3,4539.575761677363,4208.10186388428,5014.0409971420595,4992.583221956826,4968.693016319434,4559.566026543995,10447.106646727305,4728.909293837845,4562.359031344924,4576.33847596038,10447.106646727305,5259.727433539441
2,2|3,4539.575761677363,4208.10186388428,5014.0409971420595,4992.583221956826,4968.693016319434,4559.566026543995,10447.106646727305,4728.909293837845,4562.359031344924,4576.33847596038,10447.106646727305,5259.727433539441
3,1.8|2.1|3,4719.575761677363,4388.10186388428,5194.0409971420595,5172.583221956826,5868.693016319434,4739.566026543995,10627.106646727305,4908.909293837845,4742.359031344924,4576.33847596038,10627.106646727305,5493.727433539441
3,1.8|2.25|3,4719.575761677363,4388.10186388428,5194.0409971420595,5172.583221956826,5868.693016319434,4739.566026543995,10627.106646727305,4908.909293837845,4742.359031344924,4576.33847596038,10627.106646727305,5493.727433539441
3,1.8|2.4|3,4719.575761677363,4388.10186388428,5194.0409971420595,5172.583221956826,5868.693016319434,4739.566026543995,10627.106646727305,4908.909293837845,4742.359031344924,4576.33847596038,10627.106646727305,5493.727433539441
3,1.8|2|3,4719.575761677363,4388.10186388428,5194.0409971420595,5172.583221956826,5868.693016319434,4739.566026543995,10627.106646727305,4908.909293837845,4742.359031344924,4576.33847596038,10627.106646727305,5493.727433539441
3,2.1|2.25|3,4719.575761677363,4388.10186388428,5194.0409971420595,5172.583221956826,5868.693016319434,4739.566026543995,10627.106646727305,4908.909293837845,4742.359031344924,4576.33847596038,10627.106646727305,5493.727433539441
3,2.1|2.4|3,4719.575761677363,4388.10186388428,5194.0409971420595,5172.583221956826,5868.693016319434,4739.566026543995,10627.106646727305,4908.909293837845,4742.359031344924,4576.33847596038,10627.106646727305,5493.727433539441
3,2.25|2.4|3,4719.575761677363,4388.10186388428,5194.0409971420595,5172.583221956826,5868.693016319434,4739.566026543995,10627.106646727305,4908.909293837845,4742.359031344924,4576.33847596038,10627.106646727305,5493.727433539441
3,2|2.1|3,4719.575761677363,4388.10186388428,5194.0409971420595,5172.583221956826,5868.693016319434,4739.566026543995,10627.106646727305,4908.909293837845,4742.359031344924,4576.33847596038,10627.106646727305,5493.727433539441
3,2|2.25|3,4719.575761677363,4388.10186388428,5194.0409971420595,5172.583221956826,5868.693016319434,4739.566026543995,10627.106646727305,4908.909293837845,4742.359031344924,4576.33847596038,10627.106646727305,5493.727433539441
3,2|2.4|3,4719.575761677363,4388.10186388428,5194.0409971420595,5172.583221956826,5868.693016319434,4739.566026543995,10627.106646727305,4908.909293837845,4742.359031344924,4576.33847596038,10627.106646727305,5493.727433539441
1,2.4,5893.869252296077,5608.8013440863,6380.796978602346,6352.592588101819,5602.9865069381485,5918.389261959586,14005.615035569223,6147.179283660254,5922.984297609088,6110.631966579094,14005.615035569223,6794.384651540194
2,1.8|2.4,6073.869252296077,5788.8013440863,6560.796978602346,6532.592588101819,6502.9865069381485,6098.389261959586,14185.615035569223,6327.179283660254,6102.984297609088,6110.631966579094,14185.615035569223,7028.384651540194
2,2.1|2.4,6073.869252296077,5788.8013440863,6560.796978602346,6532.592588101819,6502.9865069381485,6098.389261959586,14185.615035569223,6327.179283660254,6102.984297609088,6110.631966579094,14185.615035569223,7028.384651540194
2,2.25|2.4,6073.869252296077,5788.8013440863,6560.796978602346,6532.592588101819,6502.9865069381485,6098.389261959586,14185.615035569223,6327.179283660254,6102.984297609088,6110.631966579094,14185.615035569223,7028.384651540194
2,2|2.4,6073.869252296077,5788.8013440863,6560.796978602346,6532.592588101819,6502.9865069381485,6098.389261959586,14185.615035569223,6327.179283660254,6102.984297609088,6110.631966579094,14185.615035569223,7028.384651540194
3,1.8|2.1|2.4,6253.869252296077,5968.8013440863,6740.796978602346,6712.592588101819,7402.9865069381485,6278.389261959586,14365.615035569223,6507.179283660254,6282.984297609088,6110.631966579094,14365.615035569223,7262.384651540194
3,1.8|2.25|2.4,6253.869252296077,5968.8013440863,6740.796978602346,6712.592588101819,7402.9865069381485,6278.389261959586,14365.615035569223,6507.179283660254,6282.984297609088,6110.631966579094,14365.615035569223,7262.384651540194
3,1.8|2|2.4,6253.869252296077,5968.8013440863,6740.796978602346,6712.592588101819,7402.9865069381485,6278.389261959586,14365.615035569223,6507.179283660254,6282.984297609088,6110.631966579094,14365.615035569223,7262.384651540194
3,2.1|2.25|2.4,6253.869252296077,5968.8013440863,6740.796978602346,6712.592588101819,7402.9865069381485,6278.389261959586,14365.615035569223,6507.179283660254,6282.984297609088,6110.631966579094,14365.615035569223,7262.384651540194
3,2|2.1|2.4,6253.869252296077,5968.8013440863,6740.796978602346,6712.592588101819,7402.9865069381485,6278.389261959586,14365.615035569223,6507.179283660254,6282.984297609088,6110.631966579094,14365.615035569223,7262.384651540194
3,2|2.25|2.4,6253.869252296077,5968.8013440863,6740.796978602346,6712.592588101819,7402.9865069381485,6278.389261959586,14365.615035569223,6507.179283660254,6282.984297609088,6110.631966579094,14365.615035569223,7262.384651540194
1,2.25,6387.878731834629,6124.477342722093,6875.331037703683,6846.307822414834,6096.995986476701,6412.499910522398,15233.90258150782,6660.498624379528,6416.793050221531,6604.641446117646,15233.90258150782,7365.932653390087
2,1.8|2.25,6567.878731834629,6304.477342722093,7055.331037703683,7026.307822414834,6996.995986476701,6592.499910522398,15413.90258150782,6840.498624379528,6596.793050221531,6604.641446117646,15413.90258150782,7599.932653390087
2,2.1|2.25,6567.878731834629,6304.477342722093,7055.331037703683,7026.307822414834,6996.995986476701,6592.499910522398,15413.90258150782,6840.498624379528,6596.793050221531,6604.641446117646,15413.90258150782,7599.932653390087
2,2|2.25,6567.878731834629,6304.477342722093,7055.331037703683,7026.307822414834,6996.995986476701,6592.499910522398,15413.90258150782,6840.498624379528,6596.793050221531,6604.641446117646,15413.90258150782,7599.932653390087
3,1.8|2.1|2.25,6747.878731834629,6484.477342722093,7235.331037703683,7206.307822414834,7896.995986476701,6772.499910522398,15593.90258150782,7020.498624379528,6776.793050221531,6604.641446117646,15593.90258150782,7833.932653390087
3,1.8|2|2.25,6747.878731834629,6484.477342722093,7235.331037703683,7206.307822414834,7896.995986476701,6772.499910522398,15593.90258150782,7020.498624379528,6776.793050221531,6604.641446117646,15593.90258150782,7833.932653390087
3,2|2.1|2.25,6747.878731834629,6484.477342722093,7235.331037703683,7206.307822414834,7896.995986476701,6772.499910522398,15593.90258150782,7020.498624379528,6776.793050221531,6604.641446117646,15593.90258150782,7833.932653390087
1,2.1,6940.071469746064,6688.482307196027,7429.3403602934995,7398.644424415455,6649.188724388136,6966.1719159182685,16621.78347972798,7234.719701320166,6972.585647328015,7156.834184029081,16621.78347972798,8005.7822214362695
2,1.8|2.1,7120.071469746064,6868.482307196027,7609.3403602934995,7578.644424415455,7549.188724388136,7146.1719159182685,16801.78347972798,7414.719701320166,7152.585647328015,7156.834184029081,16801.78347972798,8239.78222143627
2,2|2.1,7120.071469746064,6868.482307196027,7609.3403602934995,7578.644424415455,7549.188724388136,7146.1719159182685,16801.78347972798,7414.719701320166,7152.585647328015,7156.834184029081,16801.78347972798,8239.78222143627
3,1.8|2|2.1,7300.071469746064,7048.482307196027,7789.3403602934995,7758.644424415455,8449.188724388136,7326.1719159182685,16981.78347972798,7594.719701320166,7332.585647328015,7156.834184029081,16981.78347972798,8473.78222143627
1,2,7359.335830919037,7198.199246493998,7840.59943963679,7821.864571769955,7068.453085561108,7377.472354748563,17666.69026604302,7745.520632193409,7381.8318564626825,7576.098545202054,17666.69026604302,8503.606582903061
2,1.8|2,7539.335830919037,7378.199246493998,8020.59943963679,8001.864571769955,7968.453085561108,7557.472354748563,17846.69026604302,7925.520632193409,7561.8318564626825,7576.098545202054,17846.69026604302,8737.606582903061
1,1.8,8280.451772903689,8048.549138131435,8777.81233527699,8741.922452895771,7989.56902754576,8314.467478919469,20050.021597087703,8632.659771237726,8320.512649200158,8497.214487186706,20050.021597087703,9565.31807103854
