regime,from_sku_count,to_sku_count,best_from_portfolio,best_to_portfolio,from_consumer_cost_jpy,to_consumer_cost_jpy,marginal_variety_value_jpy,break_even_complexity_jpy_per_added_sku,globally_optimal_portfolios_nested
baseline,1,2,9,5|10,86272.47454554224,85801.59180018431,470.8827453579288,470.8827453579288,False
baseline,2,3,5|10,5|9|10,85801.59180018431,85764.82908590129,36.762714283016976,36.762714283016976,True
full_carry_no_spoilage,1,2,10,9|10,85517.1763682384,85490.6015476058,26.57482063260977,26.57482063260977,True
full_carry_no_spoilage,2,3,9|10,5|9|10,85490.6015476058,85490.44349276702,0.15805483877193183,0.15805483877193183,True
perfect_final_batch_adaptation,1,2,9,5|10,86298.64534110154,85854.19195412038,444.45338698115665,444.45338698115665,False
perfect_final_batch_adaptation,2,3,5|10,5|9|10,85854.19195412038,85821.3566716976,32.8352824227768,32.8352824227768,True
zero_sku_complexity,1,2,9,5|10,86272.47454554224,85801.59180018431,470.8827453579288,470.8827453579288,False
zero_sku_complexity,2,3,5|10,5|9|10,85801.59180018431,85764.82908590129,36.762714283016976,36.762714283016976,True
high_sku_complexity,1,2,9,5|10,86272.47454554224,85801.59180018431,470.8827453579288,470.8827453579288,False
high_sku_complexity,2,3,5|10,5|9|10,85801.59180018431,85764.82908590129,36.762714283016976,36.762714283016976,True
packaging_logistics_dominant,1,2,10,5|10,89528.22821693539,89331.67581792173,196.55239901365712,196.55239901365712,True
packaging_logistics_dominant,2,3,5|10,5|9|10,89331.67581792173,89274.33281200685,57.34300591488136,57.34300591488136,True
consumer_inconvenience_dominant,1,2,9,5|9,87002.87635977834,86300.8865964149,701.9897633634391,701.9897633634391,True
consumer_inconvenience_dominant,2,3,5|9,4.5|5|9,86300.8865964149,86284.68961181008,16.196984604815952,16.196984604815952,True
no_discrete_consumption_quantum,1,2,9,5|10,86381.56895548275,85906.63863754796,474.9303179347917,474.9303179347917,False
no_discrete_consumption_quantum,2,3,5|10,5|9|10,85906.63863754796,85870.44155060803,36.197086939937435,36.197086939937435,True
randomized_non_lattice_usage,1,2,9,5|10,86405.42492050031,85929.80371519068,475.62120530963875,475.62120530963875,False
randomized_non_lattice_usage,2,3,5|10,5|9|10,85929.80371519068,85893.61029456652,36.193420624156715,36.193420624156715,True
continuous_no_spoilage,1,2,10,9|10,85623.27512556953,85599.18068356675,24.094442002780852,24.094442002780852,True
continuous_no_spoilage,2,3,9|10,5|9|10,85599.18068356675,85597.81643512272,1.3642484440351836,1.3642484440351836,True
