spoilage_hazard_multiplier,purchase_event_cost_multiplier,from_sku_count,to_sku_count,best_from_portfolio,best_to_portfolio,from_consumer_cost_jpy,to_consumer_cost_jpy,marginal_variety_value_jpy,break_even_complexity_jpy_per_added_sku,globally_optimal_portfolios_nested
0.0,0.25,1,2,10,5|10,84621.86965820077,84526.72516788915,95.14449031162076,95.14449031162076,True
0.0,0.25,2,3,5|10,5|9|10,84526.72516788915,84514.89140612466,11.833761764486553,11.833761764486553,True
0.0,0.5,1,2,10,5|10,84927.52551757575,84876.32120133392,51.204316241826746,51.204316241826746,True
0.0,0.5,2,3,5|10,5|9|10,84876.32120133392,84849.5801326636,26.74106867032242,26.74106867032242,True
0.0,1.0,1,2,10,9|10,85538.83723632577,85510.4225022628,28.414734062971547,28.414734062971547,True
0.0,1.0,2,3,9|10,1.8|9|10,85510.4225022628,85510.4225022628,0.0,0.0,True
0.0,2.0,1,2,10,9|10,86761.46067382576,86755.54440274836,5.916271077396232,5.916271077396232,True
0.0,2.0,2,3,9|10,1.8|9|10,86755.54440274836,86755.54440274836,0.0,0.0,True
0.0,4.0,1,2,10,1.8|10,89206.70754882575,89206.70754882575,0.0,0.0,True
0.0,4.0,2,3,1.8|10,1.8|2|10,89206.70754882575,89206.70754882575,0.0,0.0,True
0.5,0.25,1,2,9,5|10,85135.79016327148,84811.76233894852,324.027824322955,324.027824322955,False
0.5,0.25,2,3,5|10,5|9|10,84811.76233894852,84776.29590598377,35.4664329647494,35.4664329647494,True
0.5,0.5,1,2,9,5|10,85478.07606170897,85168.14983894854,309.92622276043403,309.92622276043403,False
0.5,0.5,2,3,5|10,5|9|10,85168.14983894854,85141.89586692126,26.253972027276177,26.253972027276177,True
0.5,1.0,1,2,10,5|10,86131.91268098005,85880.92483894853,250.98784203152172,250.98784203152172,True
0.5,1.0,2,3,5|10,5|9|10,85880.92483894853,85863.66841014609,17.256428802444134,17.256428802444134,True
0.5,2.0,1,2,10,5|10,87363.62893098005,87245.4565610833,118.17236989675439,118.17236989675439,True
0.5,2.0,2,3,5|10,5|9|10,87245.4565610833,87211.3308340964,34.12572698689473,34.12572698689473,True
0.5,4.0,1,2,10,9|10,89827.06143098004,89799.79217221655,27.2692587634956,27.2692587634956,True
0.5,4.0,2,3,9|10,1.8|9|10,89799.79217221655,89799.79217221655,0.0,0.0,True
1.0,0.25,1,2,9,4.5|10,85480.49679216389,84960.95551809482,519.5412740690663,519.5412740690663,False
1.0,0.25,2,3,4.5|10,4.5|9|10,84960.95551809482,84902.3041319869,58.651386107929284,58.651386107929284,True
1.0,0.5,1,2,9,5|10,85824.5368702889,85323.18138938196,501.3554809069319,501.3554809069319,False
1.0,0.5,2,3,5|10,5|9|10,85323.18138938196,85273.66992514905,49.51146423291357,49.51146423291357,True
1.0,1.0,1,2,9,5|10,86512.61702653891,86037.29193625697,475.3250902819418,475.3250902819418,False
1.0,1.0,2,3,5|10,5|9|10,86037.29193625697,86001.45498842349,35.836947833478916,35.836947833478916,True
1.0,2.0,1,2,10,5|10,87811.66821998493,87465.51303000696,346.15518997797335,346.15518997797335,True
1.0,2.0,2,3,5|10,5|9|10,87465.51303000696,87443.7022931362,21.810736870756955,21.810736870756955,True
1.0,4.0,1,2,10,5|10,90289.96790748493,90148.19070724245,141.77720024247537,141.77720024247537,True
1.0,4.0,2,3,5|10,5|9|10,90148.19070724245,90109.72845971967,38.46224752278067,38.46224752278067,True
2.0,0.25,1,2,9,4.5|10,86009.06839440779,85051.74258352867,957.3258108791197,957.3258108791197,False
2.0,0.25,2,3,4.5|10,3|5|10,85051.74258352867,84953.45275115529,98.28983237338252,98.28983237338252,False
2.0,0.5,1,2,9,5|10,86354.79202722028,85449.21387890638,905.5781483138999,905.5781483138999,False
2.0,0.5,2,3,5|10,3|5|10,85449.21387890638,85369.21372771778,80.00015118859301,80.00015118859301,True
2.0,1.0,1,2,9,4.5|10,87046.23929284528,86219.92403802967,826.3152548156067,826.3152548156067,False
2.0,1.0,2,3,4.5|10,4.5|9|10,86219.92403802967,86141.39929799922,78.52474003045063,78.52474003045063,True
2.0,2.0,1,2,9,5|10,88429.13382409528,87662.82382261998,766.3100014752999,766.3100014752999,False
2.0,2.0,2,3,5|10,5|9|10,87662.82382261998,87603.68982594278,59.133996677192044,59.133996677192044,True
2.0,4.0,1,2,10,5|10,91042.168567118,90533.28413511999,508.8844319980126,508.8844319980126,True
2.0,4.0,2,3,5|10,5|9|10,90533.28413511999,90461.71311836003,71.57101675996091,71.57101675996091,True
4.0,0.25,1,2,5,4.5|10,86369.28300657356,85236.13856377077,1133.1444428027899,1133.1444428027899,False
4.0,0.25,2,3,4.5|10,3|5|10,85236.13856377077,85055.19591001899,180.94265375178657,180.94265375178657,False
4.0,0.5,1,2,5,4.5|10,86986.40437376108,85647.69176689579,1338.712606865287,1338.712606865287,False
4.0,0.5,2,3,4.5|10,3|5|10,85647.69176689579,85471.87036314397,175.82140375181916,175.82140375181916,False
4.0,1.0,1,2,9,4.5|10,88112.7441862154,86470.79817314578,1641.9460130696098,1641.9460130696098,False
4.0,1.0,2,3,4.5|10,3|5|10,86470.79817314578,86305.21926939397,165.5789037518116,165.5789037518116,False
4.0,2.0,1,2,9,5|10,89510.4394987154,88050.29704266074,1460.1424560546584,1460.1424560546584,False
4.0,2.0,2,3,5|10,4.5|9|10,88050.29704266074,87938.05674282202,112.24029983871151,112.24029983871151,False
4.0,4.0,1,2,9,5|10,92305.83012371541,90980.00765908224,1325.8224646331655,1325.8224646331655,False
4.0,4.0,2,3,5|10,5|9|10,90980.00765908224,90881.50520888332,98.50245019892463,98.50245019892463,True
