spoilage_hazard_multiplier,purchase_event_cost_multiplier,sku_complexity_jpy_per_household_year,optimal_sku_count,optimal_portfolio,system_cost_jpy,consumer_cost_jpy,physical_discard_kg,packaging_mass_kg,benchmark_portfolio,benchmark_regret_jpy
0.0,0.25,0,3,5|9|10,84514.89140612466,84514.89140612466,0.0,0.544916791904582,2|5|10,11.833761764486553
0.0,0.25,25,2,5|10,84551.72516788915,84526.72516788915,0.0,0.5388154565059758,2|5|10,25.0
0.0,0.25,50,2,5|10,84576.72516788915,84526.72516788915,0.0,0.5388154565059758,2|5|10,50.0
0.0,0.25,75,2,5|10,84601.72516788915,84526.72516788915,0.0,0.5388154565059758,2|5|10,75.0
0.0,0.25,100,1,10,84621.86965820077,84621.86965820077,0.0,0.507126876307662,2|5|10,104.85550968837924
0.0,0.25,125,1,10,84621.86965820077,84621.86965820077,0.0,0.507126876307662,2|5|10,154.85550968837924
0.0,0.25,150,1,10,84621.86965820077,84621.86965820077,0.0,0.507126876307662,2|5|10,204.85550968837924
0.0,0.25,175,1,10,84621.86965820077,84621.86965820077,0.0,0.507126876307662,2|5|10,254.85550968837924
0.0,0.25,200,1,10,84621.86965820077,84621.86965820077,0.0,0.507126876307662,2|5|10,304.85550968837924
0.0,0.25,225,1,10,84621.86965820077,84621.86965820077,0.0,0.507126876307662,2|5|10,354.85550968837924
0.0,0.25,250,1,10,84621.86965820077,84621.86965820077,0.0,0.507126876307662,2|5|10,404.85550968837924
0.0,0.25,275,1,10,84621.86965820077,84621.86965820077,0.0,0.507126876307662,2|5|10,454.85550968837924
0.0,0.25,300,1,10,84621.86965820077,84621.86965820077,0.0,0.507126876307662,2|5|10,504.85550968837924
0.0,0.25,325,1,10,84621.86965820077,84621.86965820077,0.0,0.507126876307662,2|5|10,554.8555096883792
0.0,0.25,350,1,10,84621.86965820077,84621.86965820077,0.0,0.507126876307662,2|5|10,604.8555096883792
0.0,0.25,375,1,10,84621.86965820077,84621.86965820077,0.0,0.507126876307662,2|5|10,654.8555096883792
0.0,0.25,400,1,10,84621.86965820077,84621.86965820077,0.0,0.507126876307662,2|5|10,704.8555096883792
0.0,0.25,425,1,10,84621.86965820077,84621.86965820077,0.0,0.507126876307662,2|5|10,754.8555096883792
0.0,0.25,450,1,10,84621.86965820077,84621.86965820077,0.0,0.507126876307662,2|5|10,804.8555096883792
0.0,0.25,475,1,10,84621.86965820077,84621.86965820077,0.0,0.507126876307662,2|5|10,854.8555096883792
0.0,0.25,500,1,10,84621.86965820077,84621.86965820077,0.0,0.507126876307662,2|5|10,904.8555096883792
0.0,0.25,525,1,10,84621.86965820077,84621.86965820077,0.0,0.507126876307662,2|5|10,954.8555096883792
0.0,0.25,550,1,10,84621.86965820077,84621.86965820077,0.0,0.507126876307662,2|5|10,1004.8555096883792
0.0,0.25,575,1,10,84621.86965820077,84621.86965820077,0.0,0.507126876307662,2|5|10,1054.8555096883792
0.0,0.25,600,1,10,84621.86965820077,84621.86965820077,0.0,0.507126876307662,2|5|10,1104.8555096883792
0.0,0.5,0,3,5|9|10,84849.5801326636,84849.5801326636,0.0,0.5248043086300873,2|5|10,26.74106867032242
0.0,0.5,25,3,5|9|10,84899.5801326636,84849.5801326636,0.0,0.5248043086300873,2|5|10,26.74106867032242
0.0,0.5,50,2,5|10,84926.32120133392,84876.32120133392,0.0,0.5192419142102872,2|5|10,50.0
0.0,0.5,75,1,10,84927.52551757575,84927.52551757575,0.0,0.507126876307662,2|5|10,98.79568375817325
0.0,0.5,100,1,10,84927.52551757575,84927.52551757575,0.0,0.507126876307662,2|5|10,148.79568375817325
0.0,0.5,125,1,10,84927.52551757575,84927.52551757575,0.0,0.507126876307662,2|5|10,198.79568375817325
0.0,0.5,150,1,10,84927.52551757575,84927.52551757575,0.0,0.507126876307662,2|5|10,248.79568375817325
0.0,0.5,175,1,10,84927.52551757575,84927.52551757575,0.0,0.507126876307662,2|5|10,298.79568375817325
0.0,0.5,200,1,10,84927.52551757575,84927.52551757575,0.0,0.507126876307662,2|5|10,348.79568375817325
0.0,0.5,225,1,10,84927.52551757575,84927.52551757575,0.0,0.507126876307662,2|5|10,398.79568375817325
0.0,0.5,250,1,10,84927.52551757575,84927.52551757575,0.0,0.507126876307662,2|5|10,448.79568375817325
0.0,0.5,275,1,10,84927.52551757575,84927.52551757575,0.0,0.507126876307662,2|5|10,498.79568375817325
0.0,0.5,300,1,10,84927.52551757575,84927.52551757575,0.0,0.507126876307662,2|5|10,548.7956837581733
0.0,0.5,325,1,10,84927.52551757575,84927.52551757575,0.0,0.507126876307662,2|5|10,598.7956837581733
0.0,0.5,350,1,10,84927.52551757575,84927.52551757575,0.0,0.507126876307662,2|5|10,648.7956837581733
0.0,0.5,375,1,10,84927.52551757575,84927.52551757575,0.0,0.507126876307662,2|5|10,698.7956837581733
0.0,0.5,400,1,10,84927.52551757575,84927.52551757575,0.0,0.507126876307662,2|5|10,748.7956837581733
0.0,0.5,425,1,10,84927.52551757575,84927.52551757575,0.0,0.507126876307662,2|5|10,798.7956837581733
0.0,0.5,450,1,10,84927.52551757575,84927.52551757575,0.0,0.507126876307662,2|5|10,848.7956837581733
0.0,0.5,475,1,10,84927.52551757575,84927.52551757575,0.0,0.507126876307662,2|5|10,898.7956837581733
0.0,0.5,500,1,10,84927.52551757575,84927.52551757575,0.0,0.507126876307662,2|5|10,948.7956837581733
0.0,0.5,525,1,10,84927.52551757575,84927.52551757575,0.0,0.507126876307662,2|5|10,998.7956837581733
0.0,0.5,550,1,10,84927.52551757575,84927.52551757575,0.0,0.507126876307662,2|5|10,1048.7956837581733
0.0,0.5,575,1,10,84927.52551757575,84927.52551757575,0.0,0.507126876307662,2|5|10,1098.7956837581733
0.0,0.5,600,1,10,84927.52551757575,84927.52551757575,0.0,0.507126876307662,2|5|10,1148.7956837581733
0.0,1.0,0,2,9|10,85510.4225022628,85510.4225022628,0.0,0.5122160018735367,2|5|10,14.536511571146548
0.0,1.0,25,2,9|10,85535.4225022628,85510.4225022628,0.0,0.5122160018735367,2|5|10,39.53651157114655
0.0,1.0,50,1,10,85538.83723632577,85538.83723632577,0.0,0.507126876307662,2|5|10,86.121777508175
0.0,1.0,75,1,10,85538.83723632577,85538.83723632577,0.0,0.507126876307662,2|5|10,136.121777508175
0.0,1.0,100,1,10,85538.83723632577,85538.83723632577,0.0,0.507126876307662,2|5|10,186.121777508175
0.0,1.0,125,1,10,85538.83723632577,85538.83723632577,0.0,0.507126876307662,2|5|10,236.121777508175
0.0,1.0,150,1,10,85538.83723632577,85538.83723632577,0.0,0.507126876307662,2|5|10,286.121777508175
0.0,1.0,175,1,10,85538.83723632577,85538.83723632577,0.0,0.507126876307662,2|5|10,336.121777508175
0.0,1.0,200,1,10,85538.83723632577,85538.83723632577,0.0,0.507126876307662,2|5|10,386.121777508175
0.0,1.0,225,1,10,85538.83723632577,85538.83723632577,0.0,0.507126876307662,2|5|10,436.121777508175
0.0,1.0,250,1,10,85538.83723632577,85538.83723632577,0.0,0.507126876307662,2|5|10,486.121777508175
0.0,1.0,275,1,10,85538.83723632577,85538.83723632577,0.0,0.507126876307662,2|5|10,536.121777508175
0.0,1.0,300,1,10,85538.83723632577,85538.83723632577,0.0,0.507126876307662,2|5|10,586.121777508175
0.0,1.0,325,1,10,85538.83723632577,85538.83723632577,0.0,0.507126876307662,2|5|10,636.121777508175
0.0,1.0,350,1,10,85538.83723632577,85538.83723632577,0.0,0.507126876307662,2|5|10,686.121777508175
0.0,1.0,375,1,10,85538.83723632577,85538.83723632577,0.0,0.507126876307662,2|5|10,736.121777508175
0.0,1.0,400,1,10,85538.83723632577,85538.83723632577,0.0,0.507126876307662,2|5|10,786.121777508175
0.0,1.0,425,1,10,85538.83723632577,85538.83723632577,0.0,0.507126876307662,2|5|10,836.121777508175
0.0,1.0,450,1,10,85538.83723632577,85538.83723632577,0.0,0.507126876307662,2|5|10,886.121777508175
0.0,1.0,475,1,10,85538.83723632577,85538.83723632577,0.0,0.507126876307662,2|5|10,936.121777508175
0.0,1.0,500,1,10,85538.83723632577,85538.83723632577,0.0,0.507126876307662,2|5|10,986.121777508175
0.0,1.0,525,1,10,85538.83723632577,85538.83723632577,0.0,0.507126876307662,2|5|10,1036.121777508175
0.0,1.0,550,1,10,85538.83723632577,85538.83723632577,0.0,0.507126876307662,2|5|10,1086.121777508175
0.0,1.0,575,1,10,85538.83723632577,85538.83723632577,0.0,0.507126876307662,2|5|10,1136.121777508175
0.0,1.0,600,1,10,85538.83723632577,85538.83723632577,0.0,0.507126876307662,2|5|10,1186.121777508175
0.0,2.0,0,2,9|10,86755.54440274836,86755.54440274836,0.0,0.5091603202253578,2|5|10,5.916271077396232
0.0,2.0,25,1,10,86761.46067382576,86761.46067382576,0.0,0.507126876307662,2|5|10,50.0
0.0,2.0,50,1,10,86761.46067382576,86761.46067382576,0.0,0.507126876307662,2|5|10,100.0
0.0,2.0,75,1,10,86761.46067382576,86761.46067382576,0.0,0.507126876307662,2|5|10,150.0
0.0,2.0,100,1,10,86761.46067382576,86761.46067382576,0.0,0.507126876307662,2|5|10,200.0
0.0,2.0,125,1,10,86761.46067382576,86761.46067382576,0.0,0.507126876307662,2|5|10,250.0
0.0,2.0,150,1,10,86761.46067382576,86761.46067382576,0.0,0.507126876307662,2|5|10,300.0
0.0,2.0,175,1,10,86761.46067382576,86761.46067382576,0.0,0.507126876307662,2|5|10,350.0
0.0,2.0,200,1,10,86761.46067382576,86761.46067382576,0.0,0.507126876307662,2|5|10,400.0
0.0,2.0,225,1,10,86761.46067382576,86761.46067382576,0.0,0.507126876307662,2|5|10,450.0
0.0,2.0,250,1,10,86761.46067382576,86761.46067382576,0.0,0.507126876307662,2|5|10,500.0
0.0,2.0,275,1,10,86761.46067382576,86761.46067382576,0.0,0.507126876307662,2|5|10,550.0
0.0,2.0,300,1,10,86761.46067382576,86761.46067382576,0.0,0.507126876307662,2|5|10,600.0
0.0,2.0,325,1,10,86761.46067382576,86761.46067382576,0.0,0.507126876307662,2|5|10,650.0
0.0,2.0,350,1,10,86761.46067382576,86761.46067382576,0.0,0.507126876307662,2|5|10,700.0
0.0,2.0,375,1,10,86761.46067382576,86761.46067382576,0.0,0.507126876307662,2|5|10,750.0
0.0,2.0,400,1,10,86761.46067382576,86761.46067382576,0.0,0.507126876307662,2|5|10,800.0
0.0,2.0,425,1,10,86761.46067382576,86761.46067382576,0.0,0.507126876307662,2|5|10,850.0
0.0,2.0,450,1,10,86761.46067382576,86761.46067382576,0.0,0.507126876307662,2|5|10,900.0
0.0,2.0,475,1,10,86761.46067382576,86761.46067382576,0.0,0.507126876307662,2|5|10,950.0
0.0,2.0,500,1,10,86761.46067382576,86761.46067382576,0.0,0.507126876307662,2|5|10,1000.0
0.0,2.0,525,1,10,86761.46067382576,86761.46067382576,0.0,0.507126876307662,2|5|10,1050.0
0.0,2.0,550,1,10,86761.46067382576,86761.46067382576,0.0,0.507126876307662,2|5|10,1100.0
0.0,2.0,575,1,10,86761.46067382576,86761.46067382576,0.0,0.507126876307662,2|5|10,1150.0
0.0,2.0,600,1,10,86761.46067382576,86761.46067382576,0.0,0.507126876307662,2|5|10,1200.0
0.0,4.0,0,1,10,89206.70754882575,89206.70754882575,0.0,0.507126876307662,2|5|10,0.0
0.0,4.0,25,1,10,89206.70754882575,89206.70754882575,0.0,0.507126876307662,2|5|10,50.0
0.0,4.0,50,1,10,89206.70754882575,89206.70754882575,0.0,0.507126876307662,2|5|10,100.0
0.0,4.0,75,1,10,89206.70754882575,89206.70754882575,0.0,0.507126876307662,2|5|10,150.0
0.0,4.0,100,1,10,89206.70754882575,89206.70754882575,0.0,0.507126876307662,2|5|10,200.0
0.0,4.0,125,1,10,89206.70754882575,89206.70754882575,0.0,0.507126876307662,2|5|10,250.0
0.0,4.0,150,1,10,89206.70754882575,89206.70754882575,0.0,0.507126876307662,2|5|10,300.0
0.0,4.0,175,1,10,89206.70754882575,89206.70754882575,0.0,0.507126876307662,2|5|10,350.0
0.0,4.0,200,1,10,89206.70754882575,89206.70754882575,0.0,0.507126876307662,2|5|10,400.0
0.0,4.0,225,1,10,89206.70754882575,89206.70754882575,0.0,0.507126876307662,2|5|10,450.0
0.0,4.0,250,1,10,89206.70754882575,89206.70754882575,0.0,0.507126876307662,2|5|10,500.0
0.0,4.0,275,1,10,89206.70754882575,89206.70754882575,0.0,0.507126876307662,2|5|10,550.0
0.0,4.0,300,1,10,89206.70754882575,89206.70754882575,0.0,0.507126876307662,2|5|10,600.0
0.0,4.0,325,1,10,89206.70754882575,89206.70754882575,0.0,0.507126876307662,2|5|10,650.0
0.0,4.0,350,1,10,89206.70754882575,89206.70754882575,0.0,0.507126876307662,2|5|10,700.0
0.0,4.0,375,1,10,89206.70754882575,89206.70754882575,0.0,0.507126876307662,2|5|10,750.0
0.0,4.0,400,1,10,89206.70754882575,89206.70754882575,0.0,0.507126876307662,2|5|10,800.0
0.0,4.0,425,1,10,89206.70754882575,89206.70754882575,0.0,0.507126876307662,2|5|10,850.0
0.0,4.0,450,1,10,89206.70754882575,89206.70754882575,0.0,0.507126876307662,2|5|10,900.0
0.0,4.0,475,1,10,89206.70754882575,89206.70754882575,0.0,0.507126876307662,2|5|10,950.0
0.0,4.0,500,1,10,89206.70754882575,89206.70754882575,0.0,0.507126876307662,2|5|10,1000.0
0.0,4.0,525,1,10,89206.70754882575,89206.70754882575,0.0,0.507126876307662,2|5|10,1050.0
0.0,4.0,550,1,10,89206.70754882575,89206.70754882575,0.0,0.507126876307662,2|5|10,1100.0
0.0,4.0,575,1,10,89206.70754882575,89206.70754882575,0.0,0.507126876307662,2|5|10,1150.0
0.0,4.0,600,1,10,89206.70754882575,89206.70754882575,0.0,0.507126876307662,2|5|10,1200.0
0.5,0.25,0,3,5|9|10,84776.29590598377,84776.29590598377,0.10653110396479475,0.5471235133547954,2|5|10,35.4664329647494
0.5,0.25,25,3,5|9|10,84826.29590598377,84776.29590598377,0.10653110396479475,0.5471235133547954,2|5|10,35.4664329647494
0.5,0.25,50,2,5|10,84861.76233894852,84811.76233894852,0.13729583178690474,0.5406999448064119,2|5|10,50.0
0.5,0.25,75,2,5|10,84886.76233894852,84811.76233894852,0.13729583178690474,0.5406999448064119,2|5|10,75.0
0.5,0.25,100,2,5|10,84911.76233894852,84811.76233894852,0.13729583178690474,0.5406999448064119,2|5|10,100.0
0.5,0.25,125,2,5|10,84936.76233894852,84811.76233894852,0.13729583178690474,0.5406999448064119,2|5|10,125.0
0.5,0.25,150,2,5|10,84961.76233894852,84811.76233894852,0.13729583178690474,0.5406999448064119,2|5|10,150.0
0.5,0.25,175,2,5|10,84986.76233894852,84811.76233894852,0.13729583178690474,0.5406999448064119,2|5|10,175.0
0.5,0.25,200,2,5|10,85011.76233894852,84811.76233894852,0.13729583178690474,0.5406999448064119,2|5|10,200.0
0.5,0.25,225,2,5|10,85036.76233894852,84811.76233894852,0.13729583178690474,0.5406999448064119,2|5|10,225.0
0.5,0.25,250,2,5|10,85061.76233894852,84811.76233894852,0.13729583178690474,0.5406999448064119,2|5|10,250.0
0.5,0.25,275,2,5|10,85086.76233894852,84811.76233894852,0.13729583178690474,0.5406999448064119,2|5|10,275.0
0.5,0.25,300,2,5|10,85111.76233894852,84811.76233894852,0.13729583178690474,0.5406999448064119,2|5|10,300.0
0.5,0.25,325,1,9,85135.79016327148,85135.79016327148,0.3880360325282216,0.5355717605327259,2|5|10,325.972175677045
0.5,0.25,350,1,9,85135.79016327148,85135.79016327148,0.3880360325282216,0.5355717605327259,2|5|10,375.972175677045
0.5,0.25,375,1,9,85135.79016327148,85135.79016327148,0.3880360325282216,0.5355717605327259,2|5|10,425.972175677045
0.5,0.25,400,1,9,85135.79016327148,85135.79016327148,0.3880360325282216,0.5355717605327259,2|5|10,475.972175677045
0.5,0.25,425,1,9,85135.79016327148,85135.79016327148,0.3880360325282216,0.5355717605327259,2|5|10,525.972175677045
0.5,0.25,450,1,9,85135.79016327148,85135.79016327148,0.3880360325282216,0.5355717605327259,2|5|10,575.972175677045
0.5,0.25,475,1,9,85135.79016327148,85135.79016327148,0.3880360325282216,0.5355717605327259,2|5|10,625.972175677045
0.5,0.25,500,1,9,85135.79016327148,85135.79016327148,0.3880360325282216,0.5355717605327259,2|5|10,675.972175677045
0.5,0.25,525,1,9,85135.79016327148,85135.79016327148,0.3880360325282216,0.5355717605327259,2|5|10,725.972175677045
0.5,0.25,550,1,9,85135.79016327148,85135.79016327148,0.3880360325282216,0.5355717605327259,2|5|10,775.972175677045
0.5,0.25,575,1,9,85135.79016327148,85135.79016327148,0.3880360325282216,0.5355717605327259,2|5|10,825.972175677045
0.5,0.25,600,1,9,85135.79016327148,85135.79016327148,0.3880360325282216,0.5355717605327259,2|5|10,875.972175677045
0.5,0.5,0,3,5|9|10,85141.89586692126,85141.89586692126,0.10653110396479475,0.5471235133547954,2|5|10,26.253972027276177
0.5,0.5,25,3,5|9|10,85191.89586692126,85141.89586692126,0.10653110396479475,0.5471235133547954,2|5|10,26.253972027276177
0.5,0.5,50,2,5|10,85218.14983894854,85168.14983894854,0.13729583178690474,0.5406999448064119,2|5|10,50.0
0.5,0.5,75,2,5|10,85243.14983894854,85168.14983894854,0.13729583178690474,0.5406999448064119,2|5|10,75.0
0.5,0.5,100,2,5|10,85268.14983894854,85168.14983894854,0.13729583178690474,0.5406999448064119,2|5|10,100.0
0.5,0.5,125,2,5|10,85293.14983894854,85168.14983894854,0.13729583178690474,0.5406999448064119,2|5|10,125.0
0.5,0.5,150,2,5|10,85318.14983894854,85168.14983894854,0.13729583178690474,0.5406999448064119,2|5|10,150.0
0.5,0.5,175,2,5|10,85343.14983894854,85168.14983894854,0.13729583178690474,0.5406999448064119,2|5|10,175.0
0.5,0.5,200,2,5|10,85368.14983894854,85168.14983894854,0.13729583178690474,0.5406999448064119,2|5|10,200.0
0.5,0.5,225,2,5|10,85393.14983894854,85168.14983894854,0.13729583178690474,0.5406999448064119,2|5|10,225.0
0.5,0.5,250,2,5|10,85418.14983894854,85168.14983894854,0.13729583178690474,0.5406999448064119,2|5|10,250.0
0.5,0.5,275,2,5|10,85443.14983894854,85168.14983894854,0.13729583178690474,0.5406999448064119,2|5|10,275.0
0.5,0.5,300,2,5|10,85468.14983894854,85168.14983894854,0.13729583178690474,0.5406999448064119,2|5|10,300.0
0.5,0.5,325,1,9,85478.07606170897,85478.07606170897,0.3880360325282216,0.5355717605327259,2|5|10,340.07377723956597
0.5,0.5,350,1,9,85478.07606170897,85478.07606170897,0.3880360325282216,0.5355717605327259,2|5|10,390.07377723956597
0.5,0.5,375,1,9,85478.07606170897,85478.07606170897,0.3880360325282216,0.5355717605327259,2|5|10,440.07377723956597
0.5,0.5,400,1,9,85478.07606170897,85478.07606170897,0.3880360325282216,0.5355717605327259,2|5|10,490.07377723956597
0.5,0.5,425,1,9,85478.07606170897,85478.07606170897,0.3880360325282216,0.5355717605327259,2|5|10,540.073777239566
0.5,0.5,450,1,9,85478.07606170897,85478.07606170897,0.3880360325282216,0.5355717605327259,2|5|10,590.073777239566
0.5,0.5,475,1,9,85478.07606170897,85478.07606170897,0.3880360325282216,0.5355717605327259,2|5|10,640.073777239566
0.5,0.5,500,1,9,85478.07606170897,85478.07606170897,0.3880360325282216,0.5355717605327259,2|5|10,690.073777239566
0.5,0.5,525,1,9,85478.07606170897,85478.07606170897,0.3880360325282216,0.5355717605327259,2|5|10,740.073777239566
0.5,0.5,550,1,9,85478.07606170897,85478.07606170897,0.3880360325282216,0.5355717605327259,2|5|10,790.073777239566
0.5,0.5,575,1,9,85478.07606170897,85478.07606170897,0.3880360325282216,0.5355717605327259,2|5|10,840.073777239566
0.5,0.5,600,1,9,85478.07606170897,85478.07606170897,0.3880360325282216,0.5355717605327259,2|5|10,890.073777239566
0.5,1.0,0,3,5|9|10,85863.66841014609,85863.66841014609,0.11330553337526975,0.5433420058176293,2|5|10,17.256428802444134
0.5,1.0,25,2,5|10,85905.92483894853,85880.92483894853,0.13729583178690474,0.5406999448064119,2|5|10,25.0
0.5,1.0,50,2,5|10,85930.92483894853,85880.92483894853,0.13729583178690474,0.5406999448064119,2|5|10,50.0
0.5,1.0,75,2,5|10,85955.92483894853,85880.92483894853,0.13729583178690474,0.5406999448064119,2|5|10,75.0
0.5,1.0,100,2,5|10,85980.92483894853,85880.92483894853,0.13729583178690474,0.5406999448064119,2|5|10,100.0
0.5,1.0,125,2,5|10,86005.92483894853,85880.92483894853,0.13729583178690474,0.5406999448064119,2|5|10,125.0
0.5,1.0,150,2,5|10,86030.92483894853,85880.92483894853,0.13729583178690474,0.5406999448064119,2|5|10,150.0
0.5,1.0,175,2,5|10,86055.92483894853,85880.92483894853,0.13729583178690474,0.5406999448064119,2|5|10,175.0
0.5,1.0,200,2,5|10,86080.92483894853,85880.92483894853,0.13729583178690474,0.5406999448064119,2|5|10,200.0
0.5,1.0,225,2,5|10,86105.92483894853,85880.92483894853,0.13729583178690474,0.5406999448064119,2|5|10,225.0
0.5,1.0,250,2,5|10,86130.92483894853,85880.92483894853,0.13729583178690474,0.5406999448064119,2|5|10,250.0
0.5,1.0,275,1,10,86131.91268098005,86131.91268098005,0.5087537282013028,0.510898446080122,2|5|10,299.0121579684783
0.5,1.0,300,1,10,86131.91268098005,86131.91268098005,0.5087537282013028,0.510898446080122,2|5|10,349.0121579684783
0.5,1.0,325,1,10,86131.91268098005,86131.91268098005,0.5087537282013028,0.510898446080122,2|5|10,399.0121579684783
0.5,1.0,350,1,10,86131.91268098005,86131.91268098005,0.5087537282013028,0.510898446080122,2|5|10,449.0121579684783
0.5,1.0,375,1,10,86131.91268098005,86131.91268098005,0.5087537282013028,0.510898446080122,2|5|10,499.0121579684783
0.5,1.0,400,1,10,86131.91268098005,86131.91268098005,0.5087537282013028,0.510898446080122,2|5|10,549.0121579684783
0.5,1.0,425,1,10,86131.91268098005,86131.91268098005,0.5087537282013028,0.510898446080122,2|5|10,599.0121579684783
0.5,1.0,450,1,10,86131.91268098005,86131.91268098005,0.5087537282013028,0.510898446080122,2|5|10,649.0121579684783
0.5,1.0,475,1,10,86131.91268098005,86131.91268098005,0.5087537282013028,0.510898446080122,2|5|10,699.0121579684783
0.5,1.0,500,1,10,86131.91268098005,86131.91268098005,0.5087537282013028,0.510898446080122,2|5|10,749.0121579684783
0.5,1.0,525,1,10,86131.91268098005,86131.91268098005,0.5087537282013028,0.510898446080122,2|5|10,799.0121579684783
0.5,1.0,550,1,10,86131.91268098005,86131.91268098005,0.5087537282013028,0.510898446080122,2|5|10,849.0121579684783
0.5,1.0,575,1,10,86131.91268098005,86131.91268098005,0.5087537282013028,0.510898446080122,2|5|10,899.0121579684783
0.5,1.0,600,1,10,86131.91268098005,86131.91268098005,0.5087537282013028,0.510898446080122,2|5|10,949.0121579684783
0.5,2.0,0,3,5|9|10,87211.3308340964,87211.3308340964,0.2265041876497436,0.5272378449119064,2|5|10,34.12572698689473
0.5,2.0,25,3,5|9|10,87261.3308340964,87211.3308340964,0.2265041876497436,0.5272378449119064,2|5|10,34.12572698689473
0.5,2.0,50,2,5|10,87295.4565610833,87245.4565610833,0.2916225884888599,0.5218757748139495,2|5|10,50.0
0.5,2.0,75,2,5|10,87320.4565610833,87245.4565610833,0.2916225884888599,0.5218757748139495,2|5|10,75.0
0.5,2.0,100,2,5|10,87345.4565610833,87245.4565610833,0.2916225884888599,0.5218757748139495,2|5|10,100.0
0.5,2.0,125,1,10,87363.62893098005,87363.62893098005,0.5087537282013028,0.510898446080122,2|5|10,131.8276301032456
0.5,2.0,150,1,10,87363.62893098005,87363.62893098005,0.5087537282013028,0.510898446080122,2|5|10,181.8276301032456
0.5,2.0,175,1,10,87363.62893098005,87363.62893098005,0.5087537282013028,0.510898446080122,2|5|10,231.8276301032456
0.5,2.0,200,1,10,87363.62893098005,87363.62893098005,0.5087537282013028,0.510898446080122,2|5|10,281.8276301032456
0.5,2.0,225,1,10,87363.62893098005,87363.62893098005,0.5087537282013028,0.510898446080122,2|5|10,331.8276301032456
0.5,2.0,250,1,10,87363.62893098005,87363.62893098005,0.5087537282013028,0.510898446080122,2|5|10,381.8276301032456
0.5,2.0,275,1,10,87363.62893098005,87363.62893098005,0.5087537282013028,0.510898446080122,2|5|10,431.8276301032456
0.5,2.0,300,1,10,87363.62893098005,87363.62893098005,0.5087537282013028,0.510898446080122,2|5|10,481.8276301032456
0.5,2.0,325,1,10,87363.62893098005,87363.62893098005,0.5087537282013028,0.510898446080122,2|5|10,531.8276301032456
0.5,2.0,350,1,10,87363.62893098005,87363.62893098005,0.5087537282013028,0.510898446080122,2|5|10,581.8276301032456
0.5,2.0,375,1,10,87363.62893098005,87363.62893098005,0.5087537282013028,0.510898446080122,2|5|10,631.8276301032456
0.5,2.0,400,1,10,87363.62893098005,87363.62893098005,0.5087537282013028,0.510898446080122,2|5|10,681.8276301032456
0.5,2.0,425,1,10,87363.62893098005,87363.62893098005,0.5087537282013028,0.510898446080122,2|5|10,731.8276301032456
0.5,2.0,450,1,10,87363.62893098005,87363.62893098005,0.5087537282013028,0.510898446080122,2|5|10,781.8276301032456
0.5,2.0,475,1,10,87363.62893098005,87363.62893098005,0.5087537282013028,0.510898446080122,2|5|10,831.8276301032456
0.5,2.0,500,1,10,87363.62893098005,87363.62893098005,0.5087537282013028,0.510898446080122,2|5|10,881.8276301032456
0.5,2.0,525,1,10,87363.62893098005,87363.62893098005,0.5087537282013028,0.510898446080122,2|5|10,931.8276301032456
0.5,2.0,550,1,10,87363.62893098005,87363.62893098005,0.5087537282013028,0.510898446080122,2|5|10,981.8276301032456
0.5,2.0,575,1,10,87363.62893098005,87363.62893098005,0.5087537282013028,0.510898446080122,2|5|10,1031.8276301032456
0.5,2.0,600,1,10,87363.62893098005,87363.62893098005,0.5087537282013028,0.510898446080122,2|5|10,1081.8276301032456
0.5,4.0,0,2,9|10,89799.79217221655,89799.79217221655,0.41882208454461084,0.5156550815472579,2|5|10,27.2692587634956
0.5,4.0,25,2,9|10,89824.79217221655,89799.79217221655,0.41882208454461084,0.5156550815472579,2|5|10,52.2692587634956
0.5,4.0,50,1,10,89827.06143098004,89827.06143098004,0.5087537282013028,0.510898446080122,2|5|10,100.0
0.5,4.0,75,1,10,89827.06143098004,89827.06143098004,0.5087537282013028,0.510898446080122,2|5|10,150.0
0.5,4.0,100,1,10,89827.06143098004,89827.06143098004,0.5087537282013028,0.510898446080122,2|5|10,200.0
0.5,4.0,125,1,10,89827.06143098004,89827.06143098004,0.5087537282013028,0.510898446080122,2|5|10,250.0
0.5,4.0,150,1,10,89827.06143098004,89827.06143098004,0.5087537282013028,0.510898446080122,2|5|10,300.0
0.5,4.0,175,1,10,89827.06143098004,89827.06143098004,0.5087537282013028,0.510898446080122,2|5|10,350.0
0.5,4.0,200,1,10,89827.06143098004,89827.06143098004,0.5087537282013028,0.510898446080122,2|5|10,400.0
0.5,4.0,225,1,10,89827.06143098004,89827.06143098004,0.5087537282013028,0.510898446080122,2|5|10,450.0
0.5,4.0,250,1,10,89827.06143098004,89827.06143098004,0.5087537282013028,0.510898446080122,2|5|10,500.0
0.5,4.0,275,1,10,89827.06143098004,89827.06143098004,0.5087537282013028,0.510898446080122,2|5|10,550.0
0.5,4.0,300,1,10,89827.06143098004,89827.06143098004,0.5087537282013028,0.510898446080122,2|5|10,600.0
0.5,4.0,325,1,10,89827.06143098004,89827.06143098004,0.5087537282013028,0.510898446080122,2|5|10,650.0
0.5,4.0,350,1,10,89827.06143098004,89827.06143098004,0.5087537282013028,0.510898446080122,2|5|10,700.0
0.5,4.0,375,1,10,89827.06143098004,89827.06143098004,0.5087537282013028,0.510898446080122,2|5|10,750.0
0.5,4.0,400,1,10,89827.06143098004,89827.06143098004,0.5087537282013028,0.510898446080122,2|5|10,800.0
0.5,4.0,425,1,10,89827.06143098004,89827.06143098004,0.5087537282013028,0.510898446080122,2|5|10,850.0
0.5,4.0,450,1,10,89827.06143098004,89827.06143098004,0.5087537282013028,0.510898446080122,2|5|10,900.0
0.5,4.0,475,1,10,89827.06143098004,89827.06143098004,0.5087537282013028,0.510898446080122,2|5|10,950.0
0.5,4.0,500,1,10,89827.06143098004,89827.06143098004,0.5087537282013028,0.510898446080122,2|5|10,1000.0
0.5,4.0,525,1,10,89827.06143098004,89827.06143098004,0.5087537282013028,0.510898446080122,2|5|10,1050.0
0.5,4.0,550,1,10,89827.06143098004,89827.06143098004,0.5087537282013028,0.510898446080122,2|5|10,1100.0
0.5,4.0,575,1,10,89827.06143098004,89827.06143098004,0.5087537282013028,0.510898446080122,2|5|10,1150.0
0.5,4.0,600,1,10,89827.06143098004,89827.06143098004,0.5087537282013028,0.510898446080122,2|5|10,1200.0
1.0,0.25,0,3,4.5|9|10,84902.3041319869,84902.3041319869,0.16843295835690467,0.5537590972949603,2|5|10,63.82198395757587
1.0,0.25,25,3,4.5|9|10,84952.3041319869,84902.3041319869,0.16843295835690467,0.5537590972949603,2|5|10,63.82198395757587
1.0,0.25,50,3,4.5|9|10,85002.3041319869,84902.3041319869,0.16843295835690467,0.5537590972949603,2|5|10,63.82198395757587
1.0,0.25,75,2,4.5|10,85035.95551809482,84960.95551809482,0.2283358384238585,0.547465016730262,2|5|10,80.17059784964658
1.0,0.25,100,2,4.5|10,85060.95551809482,84960.95551809482,0.2283358384238585,0.547465016730262,2|5|10,105.17059784964658
1.0,0.25,125,2,4.5|10,85085.95551809482,84960.95551809482,0.2283358384238585,0.547465016730262,2|5|10,130.17059784964658
1.0,0.25,150,2,4.5|10,85110.95551809482,84960.95551809482,0.2283358384238585,0.547465016730262,2|5|10,155.17059784964658
1.0,0.25,175,2,4.5|10,85135.95551809482,84960.95551809482,0.2283358384238585,0.547465016730262,2|5|10,180.17059784964658
1.0,0.25,200,2,4.5|10,85160.95551809482,84960.95551809482,0.2283358384238585,0.547465016730262,2|5|10,205.17059784964658
1.0,0.25,225,2,4.5|10,85185.95551809482,84960.95551809482,0.2283358384238585,0.547465016730262,2|5|10,230.17059784964658
1.0,0.25,250,2,4.5|10,85210.95551809482,84960.95551809482,0.2283358384238585,0.547465016730262,2|5|10,255.17059784964658
1.0,0.25,275,2,4.5|10,85235.95551809482,84960.95551809482,0.2283358384238585,0.547465016730262,2|5|10,280.1705978496466
1.0,0.25,300,2,4.5|10,85260.95551809482,84960.95551809482,0.2283358384238585,0.547465016730262,2|5|10,305.1705978496466
1.0,0.25,325,2,4.5|10,85285.95551809482,84960.95551809482,0.2283358384238585,0.547465016730262,2|5|10,330.1705978496466
1.0,0.25,350,2,4.5|10,85310.95551809482,84960.95551809482,0.2283358384238585,0.547465016730262,2|5|10,355.1705978496466
1.0,0.25,375,2,4.5|10,85335.95551809482,84960.95551809482,0.2283358384238585,0.547465016730262,2|5|10,380.1705978496466
1.0,0.25,400,2,4.5|10,85360.95551809482,84960.95551809482,0.2283358384238585,0.547465016730262,2|5|10,405.1705978496466
1.0,0.25,425,2,4.5|10,85385.95551809482,84960.95551809482,0.2283358384238585,0.547465016730262,2|5|10,430.1705978496466
1.0,0.25,450,2,4.5|10,85410.95551809482,84960.95551809482,0.2283358384238585,0.547465016730262,2|5|10,455.1705978496466
1.0,0.25,475,2,4.5|10,85435.95551809482,84960.95551809482,0.2283358384238585,0.547465016730262,2|5|10,480.1705978496466
1.0,0.25,500,2,4.5|10,85460.95551809482,84960.95551809482,0.2283358384238585,0.547465016730262,2|5|10,505.1705978496466
1.0,0.25,525,1,9,85480.49679216389,85480.49679216389,0.7562784415083855,0.5383165101932108,2|5|10,535.6293237805803
1.0,0.25,550,1,9,85480.49679216389,85480.49679216389,0.7562784415083855,0.5383165101932108,2|5|10,585.6293237805803
1.0,0.25,575,1,9,85480.49679216389,85480.49679216389,0.7562784415083855,0.5383165101932108,2|5|10,635.6293237805803
1.0,0.25,600,1,9,85480.49679216389,85480.49679216389,0.7562784415083855,0.5383165101932108,2|5|10,685.6293237805803
1.0,0.5,0,3,5|9|10,85273.66992514905,85273.66992514905,0.21032208613026143,0.547994595595055,2|5|10,49.51146423291357
1.0,0.5,25,3,5|9|10,85323.66992514905,85273.66992514905,0.21032208613026143,0.547994595595055,2|5|10,49.51146423291357
1.0,0.5,50,2,5|10,85373.18138938196,85323.18138938196,0.27022496619721526,0.5417005150303568,2|5|10,50.0
1.0,0.5,75,2,5|10,85398.18138938196,85323.18138938196,0.27022496619721526,0.5417005150303568,2|5|10,75.0
1.0,0.5,100,2,5|10,85423.18138938196,85323.18138938196,0.27022496619721526,0.5417005150303568,2|5|10,100.0
1.0,0.5,125,2,5|10,85448.18138938196,85323.18138938196,0.27022496619721526,0.5417005150303568,2|5|10,125.0
1.0,0.5,150,2,5|10,85473.18138938196,85323.18138938196,0.27022496619721526,0.5417005150303568,2|5|10,150.0
1.0,0.5,175,2,5|10,85498.18138938196,85323.18138938196,0.27022496619721526,0.5417005150303568,2|5|10,175.0
1.0,0.5,200,2,5|10,85523.18138938196,85323.18138938196,0.27022496619721526,0.5417005150303568,2|5|10,200.0
1.0,0.5,225,2,5|10,85548.18138938196,85323.18138938196,0.27022496619721526,0.5417005150303568,2|5|10,225.0
1.0,0.5,250,2,5|10,85573.18138938196,85323.18138938196,0.27022496619721526,0.5417005150303568,2|5|10,250.0
1.0,0.5,275,2,5|10,85598.18138938196,85323.18138938196,0.27022496619721526,0.5417005150303568,2|5|10,275.0
1.0,0.5,300,2,5|10,85623.18138938196,85323.18138938196,0.27022496619721526,0.5417005150303568,2|5|10,300.0
1.0,0.5,325,2,5|10,85648.18138938196,85323.18138938196,0.27022496619721526,0.5417005150303568,2|5|10,325.0
1.0,0.5,350,2,5|10,85673.18138938196,85323.18138938196,0.27022496619721526,0.5417005150303568,2|5|10,350.0
1.0,0.5,375,2,5|10,85698.18138938196,85323.18138938196,0.27022496619721526,0.5417005150303568,2|5|10,375.0
1.0,0.5,400,2,5|10,85723.18138938196,85323.18138938196,0.27022496619721526,0.5417005150303568,2|5|10,400.0
1.0,0.5,425,2,5|10,85748.18138938196,85323.18138938196,0.27022496619721526,0.5417005150303568,2|5|10,425.0
1.0,0.5,450,2,5|10,85773.18138938196,85323.18138938196,0.27022496619721526,0.5417005150303568,2|5|10,450.0
1.0,0.5,475,2,5|10,85798.18138938196,85323.18138938196,0.27022496619721526,0.5417005150303568,2|5|10,475.0
1.0,0.5,500,2,5|10,85823.18138938196,85323.18138938196,0.27022496619721526,0.5417005150303568,2|5|10,500.0
1.0,0.5,525,1,9,85824.5368702889,85824.5368702889,0.7562784415083855,0.5383165101932108,2|5|10,548.6445190930681
1.0,0.5,550,1,9,85824.5368702889,85824.5368702889,0.7562784415083855,0.5383165101932108,2|5|10,598.6445190930681
1.0,0.5,575,1,9,85824.5368702889,85824.5368702889,0.7562784415083855,0.5383165101932108,2|5|10,648.6445190930681
1.0,0.5,600,1,9,85824.5368702889,85824.5368702889,0.7562784415083855,0.5383165101932108,2|5|10,698.6445190930681
1.0,1.0,0,3,5|9|10,86001.45498842349,86001.45498842349,0.2238220608449711,0.5441684028495047,2|5|10,35.836947833478916
1.0,1.0,25,3,5|9|10,86051.45498842349,86001.45498842349,0.2238220608449711,0.5441684028495047,2|5|10,35.836947833478916
1.0,1.0,50,2,5|10,86087.29193625697,86037.29193625697,0.27022496619721526,0.5417005150303568,2|5|10,50.0
1.0,1.0,75,2,5|10,86112.29193625697,86037.29193625697,0.27022496619721526,0.5417005150303568,2|5|10,75.0
1.0,1.0,100,2,5|10,86137.29193625697,86037.29193625697,0.27022496619721526,0.5417005150303568,2|5|10,100.0
1.0,1.0,125,2,5|10,86162.29193625697,86037.29193625697,0.27022496619721526,0.5417005150303568,2|5|10,125.0
1.0,1.0,150,2,5|10,86187.29193625697,86037.29193625697,0.27022496619721526,0.5417005150303568,2|5|10,150.0
1.0,1.0,175,2,5|10,86212.29193625697,86037.29193625697,0.27022496619721526,0.5417005150303568,2|5|10,175.0
1.0,1.0,200,2,5|10,86237.29193625697,86037.29193625697,0.27022496619721526,0.5417005150303568,2|5|10,200.0
1.0,1.0,225,2,5|10,86262.29193625697,86037.29193625697,0.27022496619721526,0.5417005150303568,2|5|10,225.0
1.0,1.0,250,2,5|10,86287.29193625697,86037.29193625697,0.27022496619721526,0.5417005150303568,2|5|10,250.0
1.0,1.0,275,2,5|10,86312.29193625697,86037.29193625697,0.27022496619721526,0.5417005150303568,2|5|10,275.0
1.0,1.0,300,2,5|10,86337.29193625697,86037.29193625697,0.27022496619721526,0.5417005150303568,2|5|10,300.0
1.0,1.0,325,2,5|10,86362.29193625697,86037.29193625697,0.27022496619721526,0.5417005150303568,2|5|10,325.0
1.0,1.0,350,2,5|10,86387.29193625697,86037.29193625697,0.27022496619721526,0.5417005150303568,2|5|10,350.0
1.0,1.0,375,2,5|10,86412.29193625697,86037.29193625697,0.27022496619721526,0.5417005150303568,2|5|10,375.0
1.0,1.0,400,2,5|10,86437.29193625697,86037.29193625697,0.27022496619721526,0.5417005150303568,2|5|10,400.0
1.0,1.0,425,2,5|10,86462.29193625697,86037.29193625697,0.27022496619721526,0.5417005150303568,2|5|10,425.0
1.0,1.0,450,2,5|10,86487.29193625697,86037.29193625697,0.27022496619721526,0.5417005150303568,2|5|10,450.0
1.0,1.0,475,2,5|10,86512.29193625697,86037.29193625697,0.27022496619721526,0.5417005150303568,2|5|10,475.0
1.0,1.0,500,1,9,86512.61702653891,86512.61702653891,0.7562784415083855,0.5383165101932108,2|5|10,524.6749097180582
1.0,1.0,525,1,9,86512.61702653891,86512.61702653891,0.7562784415083855,0.5383165101932108,2|5|10,574.6749097180582
1.0,1.0,550,1,9,86512.61702653891,86512.61702653891,0.7562784415083855,0.5383165101932108,2|5|10,624.6749097180582
1.0,1.0,575,1,9,86512.61702653891,86512.61702653891,0.7562784415083855,0.5383165101932108,2|5|10,674.6749097180582
1.0,1.0,600,1,9,86512.61702653891,86512.61702653891,0.7562784415083855,0.5383165101932108,2|5|10,724.6749097180582
1.0,2.0,0,3,5|9|10,87443.7022931362,87443.7022931362,0.447381696428525,0.5285264522995257,2|5|10,21.810736870756955
1.0,2.0,25,2,5|10,87490.51303000696,87465.51303000696,0.27022496619721526,0.5417005150303568,2|5|10,25.0
1.0,2.0,50,2,5|10,87515.51303000696,87465.51303000696,0.27022496619721526,0.5417005150303568,2|5|10,50.0
1.0,2.0,75,2,5|10,87540.51303000696,87465.51303000696,0.27022496619721526,0.5417005150303568,2|5|10,75.0
1.0,2.0,100,2,5|10,87565.51303000696,87465.51303000696,0.27022496619721526,0.5417005150303568,2|5|10,100.0
1.0,2.0,125,2,5|10,87590.51303000696,87465.51303000696,0.27022496619721526,0.5417005150303568,2|5|10,125.0
1.0,2.0,150,2,5|10,87615.51303000696,87465.51303000696,0.27022496619721526,0.5417005150303568,2|5|10,150.0
1.0,2.0,175,2,5|10,87640.51303000696,87465.51303000696,0.27022496619721526,0.5417005150303568,2|5|10,175.0
1.0,2.0,200,2,5|10,87665.51303000696,87465.51303000696,0.27022496619721526,0.5417005150303568,2|5|10,200.0
1.0,2.0,225,2,5|10,87690.51303000696,87465.51303000696,0.27022496619721526,0.5417005150303568,2|5|10,225.0
1.0,2.0,250,2,5|10,87715.51303000696,87465.51303000696,0.27022496619721526,0.5417005150303568,2|5|10,250.0
1.0,2.0,275,2,5|10,87740.51303000696,87465.51303000696,0.27022496619721526,0.5417005150303568,2|5|10,275.0
1.0,2.0,300,2,5|10,87765.51303000696,87465.51303000696,0.27022496619721526,0.5417005150303568,2|5|10,300.0
1.0,2.0,325,2,5|10,87790.51303000696,87465.51303000696,0.27022496619721526,0.5417005150303568,2|5|10,325.0
1.0,2.0,350,1,10,87811.66821998493,87811.66821998493,0.9857314660878959,0.5139817954275597,2|5|10,353.84481002202665
1.0,2.0,375,1,10,87811.66821998493,87811.66821998493,0.9857314660878959,0.5139817954275597,2|5|10,403.84481002202665
1.0,2.0,400,1,10,87811.66821998493,87811.66821998493,0.9857314660878959,0.5139817954275597,2|5|10,453.84481002202665
1.0,2.0,425,1,10,87811.66821998493,87811.66821998493,0.9857314660878959,0.5139817954275597,2|5|10,503.84481002202665
1.0,2.0,450,1,10,87811.66821998493,87811.66821998493,0.9857314660878959,0.5139817954275597,2|5|10,553.8448100220266
1.0,2.0,475,1,10,87811.66821998493,87811.66821998493,0.9857314660878959,0.5139817954275597,2|5|10,603.8448100220266
1.0,2.0,500,1,10,87811.66821998493,87811.66821998493,0.9857314660878959,0.5139817954275597,2|5|10,653.8448100220266
1.0,2.0,525,1,10,87811.66821998493,87811.66821998493,0.9857314660878959,0.5139817954275597,2|5|10,703.8448100220266
1.0,2.0,550,1,10,87811.66821998493,87811.66821998493,0.9857314660878959,0.5139817954275597,2|5|10,753.8448100220266
1.0,2.0,575,1,10,87811.66821998493,87811.66821998493,0.9857314660878959,0.5139817954275597,2|5|10,803.8448100220266
1.0,2.0,600,1,10,87811.66821998493,87811.66821998493,0.9857314660878959,0.5139817954275597,2|5|10,853.8448100220266
1.0,4.0,0,3,5|9|10,90109.72845971967,90109.72845971967,0.49378460178076916,0.5260585644803777,2|5|10,38.46224752278067
1.0,4.0,25,3,5|9|10,90159.72845971967,90109.72845971967,0.49378460178076916,0.5260585644803777,2|5|10,38.46224752278067
1.0,4.0,50,2,5|10,90198.19070724245,90148.19070724245,0.5710117812167279,0.5238520897388712,2|5|10,50.0
1.0,4.0,75,2,5|10,90223.19070724245,90148.19070724245,0.5710117812167279,0.5238520897388712,2|5|10,75.0
1.0,4.0,100,2,5|10,90248.19070724245,90148.19070724245,0.5710117812167279,0.5238520897388712,2|5|10,100.0
1.0,4.0,125,2,5|10,90273.19070724245,90148.19070724245,0.5710117812167279,0.5238520897388712,2|5|10,125.0
1.0,4.0,150,1,10,90289.96790748493,90289.96790748493,0.9857314660878959,0.5139817954275597,2|5|10,158.22279975752463
1.0,4.0,175,1,10,90289.96790748493,90289.96790748493,0.9857314660878959,0.5139817954275597,2|5|10,208.22279975752463
1.0,4.0,200,1,10,90289.96790748493,90289.96790748493,0.9857314660878959,0.5139817954275597,2|5|10,258.2227997575246
1.0,4.0,225,1,10,90289.96790748493,90289.96790748493,0.9857314660878959,0.5139817954275597,2|5|10,308.2227997575246
1.0,4.0,250,1,10,90289.96790748493,90289.96790748493,0.9857314660878959,0.5139817954275597,2|5|10,358.2227997575246
1.0,4.0,275,1,10,90289.96790748493,90289.96790748493,0.9857314660878959,0.5139817954275597,2|5|10,408.2227997575246
1.0,4.0,300,1,10,90289.96790748493,90289.96790748493,0.9857314660878959,0.5139817954275597,2|5|10,458.2227997575246
1.0,4.0,325,1,10,90289.96790748493,90289.96790748493,0.9857314660878959,0.5139817954275597,2|5|10,508.2227997575246
1.0,4.0,350,1,10,90289.96790748493,90289.96790748493,0.9857314660878959,0.5139817954275597,2|5|10,558.2227997575246
1.0,4.0,375,1,10,90289.96790748493,90289.96790748493,0.9857314660878959,0.5139817954275597,2|5|10,608.2227997575246
1.0,4.0,400,1,10,90289.96790748493,90289.96790748493,0.9857314660878959,0.5139817954275597,2|5|10,658.2227997575246
1.0,4.0,425,1,10,90289.96790748493,90289.96790748493,0.9857314660878959,0.5139817954275597,2|5|10,708.2227997575246
1.0,4.0,450,1,10,90289.96790748493,90289.96790748493,0.9857314660878959,0.5139817954275597,2|5|10,758.2227997575246
1.0,4.0,475,1,10,90289.96790748493,90289.96790748493,0.9857314660878959,0.5139817954275597,2|5|10,808.2227997575246
1.0,4.0,500,1,10,90289.96790748493,90289.96790748493,0.9857314660878959,0.5139817954275597,2|5|10,858.2227997575246
1.0,4.0,525,1,10,90289.96790748493,90289.96790748493,0.9857314660878959,0.5139817954275597,2|5|10,908.2227997575246
1.0,4.0,550,1,10,90289.96790748493,90289.96790748493,0.9857314660878959,0.5139817954275597,2|5|10,958.2227997575246
1.0,4.0,575,1,10,90289.96790748493,90289.96790748493,0.9857314660878959,0.5139817954275597,2|5|10,1008.2227997575246
1.0,4.0,600,1,10,90289.96790748493,90289.96790748493,0.9857314660878959,0.5139817954275597,2|5|10,1058.2227997575246
2.0,0.25,0,3,3|5|10,84953.45275115529,84953.45275115529,0.08301587226487181,0.5753721554703921,2|5|10,68.41421706211986
2.0,0.25,25,3,3|5|10,85003.45275115529,84953.45275115529,0.08301587226487181,0.5753721554703921,2|5|10,68.41421706211986
2.0,0.25,50,3,3|5|10,85053.45275115529,84953.45275115529,0.08301587226487181,0.5753721554703921,2|5|10,68.41421706211986
2.0,0.25,75,3,3|5|10,85103.45275115529,84953.45275115529,0.08301587226487181,0.5753721554703921,2|5|10,68.41421706211986
2.0,0.25,100,2,4.5|10,85151.74258352867,85051.74258352867,0.20332665864372396,0.5739889430732031,2|5|10,70.12438468873734
2.0,0.25,125,2,4.5|10,85176.74258352867,85051.74258352867,0.20332665864372396,0.5739889430732031,2|5|10,95.12438468873734
2.0,0.25,150,2,4.5|10,85201.74258352867,85051.74258352867,0.20332665864372396,0.5739889430732031,2|5|10,120.12438468873734
2.0,0.25,175,2,4.5|10,85226.74258352867,85051.74258352867,0.20332665864372396,0.5739889430732031,2|5|10,145.12438468873734
2.0,0.25,200,2,4.5|10,85251.74258352867,85051.74258352867,0.20332665864372396,0.5739889430732031,2|5|10,170.12438468873734
2.0,0.25,225,2,4.5|10,85276.74258352867,85051.74258352867,0.20332665864372396,0.5739889430732031,2|5|10,195.12438468873734
2.0,0.25,250,2,4.5|10,85301.74258352867,85051.74258352867,0.20332665864372396,0.5739889430732031,2|5|10,220.12438468873734
2.0,0.25,275,2,4.5|10,85326.74258352867,85051.74258352867,0.20332665864372396,0.5739889430732031,2|5|10,245.12438468873734
2.0,0.25,300,2,4.5|10,85351.74258352867,85051.74258352867,0.20332665864372396,0.5739889430732031,2|5|10,270.12438468873734
2.0,0.25,325,2,4.5|10,85376.74258352867,85051.74258352867,0.20332665864372396,0.5739889430732031,2|5|10,295.12438468873734
2.0,0.25,350,2,4.5|10,85401.74258352867,85051.74258352867,0.20332665864372396,0.5739889430732031,2|5|10,320.12438468873734
2.0,0.25,375,2,4.5|10,85426.74258352867,85051.74258352867,0.20332665864372396,0.5739889430732031,2|5|10,345.12438468873734
2.0,0.25,400,2,4.5|10,85451.74258352867,85051.74258352867,0.20332665864372396,0.5739889430732031,2|5|10,370.12438468873734
2.0,0.25,425,2,4.5|10,85476.74258352867,85051.74258352867,0.20332665864372396,0.5739889430732031,2|5|10,395.12438468873734
2.0,0.25,450,2,4.5|10,85501.74258352867,85051.74258352867,0.20332665864372396,0.5739889430732031,2|5|10,420.12438468873734
2.0,0.25,475,2,4.5|10,85526.74258352867,85051.74258352867,0.20332665864372396,0.5739889430732031,2|5|10,445.12438468873734
2.0,0.25,500,2,4.5|10,85551.74258352867,85051.74258352867,0.20332665864372396,0.5739889430732031,2|5|10,470.12438468873734
2.0,0.25,525,2,4.5|10,85576.74258352867,85051.74258352867,0.20332665864372396,0.5739889430732031,2|5|10,495.12438468873734
2.0,0.25,550,2,4.5|10,85601.74258352867,85051.74258352867,0.20332665864372396,0.5739889430732031,2|5|10,520.1243846887373
2.0,0.25,575,2,4.5|10,85626.74258352867,85051.74258352867,0.20332665864372396,0.5739889430732031,2|5|10,545.1243846887373
2.0,0.25,600,2,4.5|10,85651.74258352867,85051.74258352867,0.20332665864372396,0.5739889430732031,2|5|10,570.1243846887373
2.0,0.5,0,3,3|5|10,85369.21372771778,85369.21372771778,0.08301587226487181,0.5753721554703921,2|5|10,80.00015118859301
2.0,0.5,25,3,3|5|10,85419.21372771778,85369.21372771778,0.08301587226487181,0.5753721554703921,2|5|10,80.00015118859301
2.0,0.5,50,3,3|5|10,85469.21372771778,85369.21372771778,0.08301587226487181,0.5753721554703921,2|5|10,80.00015118859301
2.0,0.5,75,3,3|5|10,85519.21372771778,85369.21372771778,0.08301587226487181,0.5753721554703921,2|5|10,80.00015118859301
2.0,0.5,100,2,5|10,85549.21387890638,85449.21387890638,0.28560507792555373,0.5642823050169822,2|5|10,100.0
2.0,0.5,125,2,5|10,85574.21387890638,85449.21387890638,0.28560507792555373,0.5642823050169822,2|5|10,125.0
2.0,0.5,150,2,5|10,85599.21387890638,85449.21387890638,0.28560507792555373,0.5642823050169822,2|5|10,150.0
2.0,0.5,175,2,5|10,85624.21387890638,85449.21387890638,0.28560507792555373,0.5642823050169822,2|5|10,175.0
2.0,0.5,200,2,5|10,85649.21387890638,85449.21387890638,0.28560507792555373,0.5642823050169822,2|5|10,200.0
2.0,0.5,225,2,5|10,85674.21387890638,85449.21387890638,0.28560507792555373,0.5642823050169822,2|5|10,225.0
2.0,0.5,250,2,5|10,85699.21387890638,85449.21387890638,0.28560507792555373,0.5642823050169822,2|5|10,250.0
2.0,0.5,275,2,5|10,85724.21387890638,85449.21387890638,0.28560507792555373,0.5642823050169822,2|5|10,275.0
2.0,0.5,300,2,5|10,85749.21387890638,85449.21387890638,0.28560507792555373,0.5642823050169822,2|5|10,300.0
2.0,0.5,325,2,5|10,85774.21387890638,85449.21387890638,0.28560507792555373,0.5642823050169822,2|5|10,325.0
2.0,0.5,350,2,5|10,85799.21387890638,85449.21387890638,0.28560507792555373,0.5642823050169822,2|5|10,350.0
2.0,0.5,375,2,5|10,85824.21387890638,85449.21387890638,0.28560507792555373,0.5642823050169822,2|5|10,375.0
2.0,0.5,400,2,5|10,85849.21387890638,85449.21387890638,0.28560507792555373,0.5642823050169822,2|5|10,400.0
2.0,0.5,425,2,5|10,85874.21387890638,85449.21387890638,0.28560507792555373,0.5642823050169822,2|5|10,425.0
2.0,0.5,450,2,5|10,85899.21387890638,85449.21387890638,0.28560507792555373,0.5642823050169822,2|5|10,450.0
2.0,0.5,475,2,5|10,85924.21387890638,85449.21387890638,0.28560507792555373,0.5642823050169822,2|5|10,475.0
2.0,0.5,500,2,5|10,85949.21387890638,85449.21387890638,0.28560507792555373,0.5642823050169822,2|5|10,500.0
2.0,0.5,525,2,5|10,85974.21387890638,85449.21387890638,0.28560507792555373,0.5642823050169822,2|5|10,525.0
2.0,0.5,550,2,5|10,85999.21387890638,85449.21387890638,0.28560507792555373,0.5642823050169822,2|5|10,550.0
2.0,0.5,575,2,5|10,86024.21387890638,85449.21387890638,0.28560507792555373,0.5642823050169822,2|5|10,575.0
2.0,0.5,600,2,5|10,86049.21387890638,85449.21387890638,0.28560507792555373,0.5642823050169822,2|5|10,600.0
2.0,1.0,0,3,4.5|9|10,86141.39929799922,86141.39929799922,0.32959359887756945,0.5550067783593073,2|5|10,86.194368370765
2.0,1.0,25,3,4.5|9|10,86191.39929799922,86141.39929799922,0.32959359887756945,0.5550067783593073,2|5|10,86.194368370765
2.0,1.0,50,3,4.5|9|10,86241.39929799922,86141.39929799922,0.32959359887756945,0.5550067783593073,2|5|10,86.194368370765
2.0,1.0,75,3,4.5|9|10,86291.39929799922,86141.39929799922,0.32959359887756945,0.5550067783593073,2|5|10,86.194368370765
2.0,1.0,100,2,4.5|10,86319.92403802967,86219.92403802967,0.4447025061077772,0.549473638951584,2|5|10,107.66962834031438
2.0,1.0,125,2,4.5|10,86344.92403802967,86219.92403802967,0.4447025061077772,0.549473638951584,2|5|10,132.66962834031438
2.0,1.0,150,2,4.5|10,86369.92403802967,86219.92403802967,0.4447025061077772,0.549473638951584,2|5|10,157.66962834031438
2.0,1.0,175,2,4.5|10,86394.92403802967,86219.92403802967,0.4447025061077772,0.549473638951584,2|5|10,182.66962834031438
2.0,1.0,200,2,4.5|10,86419.92403802967,86219.92403802967,0.4447025061077772,0.549473638951584,2|5|10,207.66962834031438
2.0,1.0,225,2,4.5|10,86444.92403802967,86219.92403802967,0.4447025061077772,0.549473638951584,2|5|10,232.66962834031438
2.0,1.0,250,2,4.5|10,86469.92403802967,86219.92403802967,0.4447025061077772,0.549473638951584,2|5|10,257.6696283403144
2.0,1.0,275,2,4.5|10,86494.92403802967,86219.92403802967,0.4447025061077772,0.549473638951584,2|5|10,282.6696283403144
2.0,1.0,300,2,4.5|10,86519.92403802967,86219.92403802967,0.4447025061077772,0.549473638951584,2|5|10,307.6696283403144
2.0,1.0,325,2,4.5|10,86544.92403802967,86219.92403802967,0.4447025061077772,0.549473638951584,2|5|10,332.6696283403144
2.0,1.0,350,2,4.5|10,86569.92403802967,86219.92403802967,0.4447025061077772,0.549473638951584,2|5|10,357.6696283403144
2.0,1.0,375,2,4.5|10,86594.92403802967,86219.92403802967,0.4447025061077772,0.549473638951584,2|5|10,382.6696283403144
2.0,1.0,400,2,4.5|10,86619.92403802967,86219.92403802967,0.4447025061077772,0.549473638951584,2|5|10,407.6696283403144
2.0,1.0,425,2,4.5|10,86644.92403802967,86219.92403802967,0.4447025061077772,0.549473638951584,2|5|10,432.6696283403144
2.0,1.0,450,2,4.5|10,86669.92403802967,86219.92403802967,0.4447025061077772,0.549473638951584,2|5|10,457.6696283403144
2.0,1.0,475,2,4.5|10,86694.92403802967,86219.92403802967,0.4447025061077772,0.549473638951584,2|5|10,482.6696283403144
2.0,1.0,500,2,4.5|10,86719.92403802967,86219.92403802967,0.4447025061077772,0.549473638951584,2|5|10,507.6696283403144
2.0,1.0,525,2,4.5|10,86744.92403802967,86219.92403802967,0.4447025061077772,0.549473638951584,2|5|10,532.6696283403144
2.0,1.0,550,2,4.5|10,86769.92403802967,86219.92403802967,0.4447025061077772,0.549473638951584,2|5|10,557.6696283403144
2.0,1.0,575,2,4.5|10,86794.92403802967,86219.92403802967,0.4447025061077772,0.549473638951584,2|5|10,582.6696283403144
2.0,1.0,600,2,4.5|10,86819.92403802967,86219.92403802967,0.4447025061077772,0.549473638951584,2|5|10,607.6696283403144
2.0,2.0,0,3,5|9|10,87603.68982594278,87603.68982594278,0.43745220952174635,0.5460927143422586,2|5|10,59.133996677192044
2.0,2.0,25,3,5|9|10,87653.68982594278,87603.68982594278,0.43745220952174635,0.5460927143422586,2|5|10,59.133996677192044
2.0,2.0,50,3,5|9|10,87703.68982594278,87603.68982594278,0.43745220952174635,0.5460927143422586,2|5|10,59.133996677192044
2.0,2.0,75,2,5|10,87737.82382261998,87662.82382261998,0.5267550553142257,0.5441783283833006,2|5|10,75.0
2.0,2.0,100,2,5|10,87762.82382261998,87662.82382261998,0.5267550553142257,0.5441783283833006,2|5|10,100.0
2.0,2.0,125,2,5|10,87787.82382261998,87662.82382261998,0.5267550553142257,0.5441783283833006,2|5|10,125.0
2.0,2.0,150,2,5|10,87812.82382261998,87662.82382261998,0.5267550553142257,0.5441783283833006,2|5|10,150.0
2.0,2.0,175,2,5|10,87837.82382261998,87662.82382261998,0.5267550553142257,0.5441783283833006,2|5|10,175.0
2.0,2.0,200,2,5|10,87862.82382261998,87662.82382261998,0.5267550553142257,0.5441783283833006,2|5|10,200.0
2.0,2.0,225,2,5|10,87887.82382261998,87662.82382261998,0.5267550553142257,0.5441783283833006,2|5|10,225.0
2.0,2.0,250,2,5|10,87912.82382261998,87662.82382261998,0.5267550553142257,0.5441783283833006,2|5|10,250.0
2.0,2.0,275,2,5|10,87937.82382261998,87662.82382261998,0.5267550553142257,0.5441783283833006,2|5|10,275.0
2.0,2.0,300,2,5|10,87962.82382261998,87662.82382261998,0.5267550553142257,0.5441783283833006,2|5|10,300.0
2.0,2.0,325,2,5|10,87987.82382261998,87662.82382261998,0.5267550553142257,0.5441783283833006,2|5|10,325.0
2.0,2.0,350,2,5|10,88012.82382261998,87662.82382261998,0.5267550553142257,0.5441783283833006,2|5|10,350.0
2.0,2.0,375,2,5|10,88037.82382261998,87662.82382261998,0.5267550553142257,0.5441783283833006,2|5|10,375.0
2.0,2.0,400,2,5|10,88062.82382261998,87662.82382261998,0.5267550553142257,0.5441783283833006,2|5|10,400.0
2.0,2.0,425,2,5|10,88087.82382261998,87662.82382261998,0.5267550553142257,0.5441783283833006,2|5|10,425.0
2.0,2.0,450,2,5|10,88112.82382261998,87662.82382261998,0.5267550553142257,0.5441783283833006,2|5|10,450.0
2.0,2.0,475,2,5|10,88137.82382261998,87662.82382261998,0.5267550553142257,0.5441783283833006,2|5|10,475.0
2.0,2.0,500,2,5|10,88162.82382261998,87662.82382261998,0.5267550553142257,0.5441783283833006,2|5|10,500.0
2.0,2.0,525,2,5|10,88187.82382261998,87662.82382261998,0.5267550553142257,0.5441783283833006,2|5|10,525.0
2.0,2.0,550,2,5|10,88212.82382261998,87662.82382261998,0.5267550553142257,0.5441783283833006,2|5|10,550.0
2.0,2.0,575,2,5|10,88237.82382261998,87662.82382261998,0.5267550553142257,0.5441783283833006,2|5|10,575.0
2.0,2.0,600,2,5|10,88262.82382261998,87662.82382261998,0.5267550553142257,0.5441783283833006,2|5|10,600.0
2.0,4.0,0,3,5|9|10,90461.71311836003,90461.71311836003,0.8673704388495758,0.531025707691119,2|5|10,71.57101675996091
2.0,4.0,25,3,5|9|10,90511.71311836003,90461.71311836003,0.8673704388495758,0.531025707691119,2|5|10,71.57101675996091
2.0,4.0,50,3,5|9|10,90561.71311836003,90461.71311836003,0.8673704388495758,0.531025707691119,2|5|10,71.57101675996091
2.0,4.0,75,2,5|10,90608.28413511999,90533.28413511999,0.5267550553142257,0.5441783283833006,2|5|10,75.0
2.0,4.0,100,2,5|10,90633.28413511999,90533.28413511999,0.5267550553142257,0.5441783283833006,2|5|10,100.0
2.0,4.0,125,2,5|10,90658.28413511999,90533.28413511999,0.5267550553142257,0.5441783283833006,2|5|10,125.0
2.0,4.0,150,2,5|10,90683.28413511999,90533.28413511999,0.5267550553142257,0.5441783283833006,2|5|10,150.0
2.0,4.0,175,2,5|10,90708.28413511999,90533.28413511999,0.5267550553142257,0.5441783283833006,2|5|10,175.0
2.0,4.0,200,2,5|10,90733.28413511999,90533.28413511999,0.5267550553142257,0.5441783283833006,2|5|10,200.0
2.0,4.0,225,2,5|10,90758.28413511999,90533.28413511999,0.5267550553142257,0.5441783283833006,2|5|10,225.0
2.0,4.0,250,2,5|10,90783.28413511999,90533.28413511999,0.5267550553142257,0.5441783283833006,2|5|10,250.0
2.0,4.0,275,2,5|10,90808.28413511999,90533.28413511999,0.5267550553142257,0.5441783283833006,2|5|10,275.0
2.0,4.0,300,2,5|10,90833.28413511999,90533.28413511999,0.5267550553142257,0.5441783283833006,2|5|10,300.0
2.0,4.0,325,2,5|10,90858.28413511999,90533.28413511999,0.5267550553142257,0.5441783283833006,2|5|10,325.0
2.0,4.0,350,2,5|10,90883.28413511999,90533.28413511999,0.5267550553142257,0.5441783283833006,2|5|10,350.0
2.0,4.0,375,2,5|10,90908.28413511999,90533.28413511999,0.5267550553142257,0.5441783283833006,2|5|10,375.0
2.0,4.0,400,2,5|10,90933.28413511999,90533.28413511999,0.5267550553142257,0.5441783283833006,2|5|10,400.0
2.0,4.0,425,2,5|10,90958.28413511999,90533.28413511999,0.5267550553142257,0.5441783283833006,2|5|10,425.0
2.0,4.0,450,2,5|10,90983.28413511999,90533.28413511999,0.5267550553142257,0.5441783283833006,2|5|10,450.0
2.0,4.0,475,2,5|10,91008.28413511999,90533.28413511999,0.5267550553142257,0.5441783283833006,2|5|10,475.0
2.0,4.0,500,2,5|10,91033.28413511999,90533.28413511999,0.5267550553142257,0.5441783283833006,2|5|10,500.0
2.0,4.0,525,1,10,91042.168567118,91042.168567118,1.8626261964348017,0.5205435776247364,2|5|10,541.1155680019874
2.0,4.0,550,1,10,91042.168567118,91042.168567118,1.8626261964348017,0.5205435776247364,2|5|10,591.1155680019874
2.0,4.0,575,1,10,91042.168567118,91042.168567118,1.8626261964348017,0.5205435776247364,2|5|10,641.1155680019874
2.0,4.0,600,1,10,91042.168567118,91042.168567118,1.8626261964348017,0.5205435776247364,2|5|10,691.1155680019874
4.0,0.25,0,3,3|5|10,85055.19591001899,85055.19591001899,0.15753990275843396,0.5761562094715097,2|5|10,58.780470130150206
4.0,0.25,25,3,3|5|10,85105.19591001899,85055.19591001899,0.15753990275843396,0.5761562094715097,2|5|10,58.780470130150206
4.0,0.25,50,3,3|5|10,85155.19591001899,85055.19591001899,0.15753990275843396,0.5761562094715097,2|5|10,58.780470130150206
4.0,0.25,75,3,3|5|10,85205.19591001899,85055.19591001899,0.15753990275843396,0.5761562094715097,2|5|10,58.780470130150206
4.0,0.25,100,3,3|5|10,85255.19591001899,85055.19591001899,0.15753990275843396,0.5761562094715097,2|5|10,58.780470130150206
4.0,0.25,125,3,3|5|10,85305.19591001899,85055.19591001899,0.15753990275843396,0.5761562094715097,2|5|10,58.780470130150206
4.0,0.25,150,3,3|5|10,85355.19591001899,85055.19591001899,0.15753990275843396,0.5761562094715097,2|5|10,58.780470130150206
4.0,0.25,175,3,3|5|10,85405.19591001899,85055.19591001899,0.15753990275843396,0.5761562094715097,2|5|10,58.780470130150206
4.0,0.25,200,2,4.5|10,85436.13856377077,85236.13856377077,0.37890335531291164,0.574831134694813,2|5|10,77.83781637836364
4.0,0.25,225,2,4.5|10,85461.13856377077,85236.13856377077,0.37890335531291164,0.574831134694813,2|5|10,102.83781637836364
4.0,0.25,250,2,4.5|10,85486.13856377077,85236.13856377077,0.37890335531291164,0.574831134694813,2|5|10,127.83781637836364
4.0,0.25,275,2,4.5|10,85511.13856377077,85236.13856377077,0.37890335531291164,0.574831134694813,2|5|10,152.83781637836364
4.0,0.25,300,2,4.5|10,85536.13856377077,85236.13856377077,0.37890335531291164,0.574831134694813,2|5|10,177.83781637836364
4.0,0.25,325,2,4.5|10,85561.13856377077,85236.13856377077,0.37890335531291164,0.574831134694813,2|5|10,202.83781637836364
4.0,0.25,350,2,4.5|10,85586.13856377077,85236.13856377077,0.37890335531291164,0.574831134694813,2|5|10,227.83781637836364
4.0,0.25,375,2,4.5|10,85611.13856377077,85236.13856377077,0.37890335531291164,0.574831134694813,2|5|10,252.83781637836364
4.0,0.25,400,2,4.5|10,85636.13856377077,85236.13856377077,0.37890335531291164,0.574831134694813,2|5|10,277.83781637836364
4.0,0.25,425,2,4.5|10,85661.13856377077,85236.13856377077,0.37890335531291164,0.574831134694813,2|5|10,302.83781637836364
4.0,0.25,450,2,4.5|10,85686.13856377077,85236.13856377077,0.37890335531291164,0.574831134694813,2|5|10,327.83781637836364
4.0,0.25,475,2,4.5|10,85711.13856377077,85236.13856377077,0.37890335531291164,0.574831134694813,2|5|10,352.83781637836364
4.0,0.25,500,2,4.5|10,85736.13856377077,85236.13856377077,0.37890335531291164,0.574831134694813,2|5|10,377.83781637836364
4.0,0.25,525,2,4.5|10,85761.13856377077,85236.13856377077,0.37890335531291164,0.574831134694813,2|5|10,402.83781637836364
4.0,0.25,550,2,4.5|10,85786.13856377077,85236.13856377077,0.37890335531291164,0.574831134694813,2|5|10,427.83781637836364
4.0,0.25,575,2,4.5|10,85811.13856377077,85236.13856377077,0.37890335531291164,0.574831134694813,2|5|10,452.83781637836364
4.0,0.25,600,2,4.5|10,85836.13856377077,85236.13856377077,0.37890335531291164,0.574831134694813,2|5|10,477.83781637836364
4.0,0.5,0,3,3|5|10,85471.87036314397,85471.87036314397,0.15753990275843396,0.5761562094715097,2|5|10,89.49859513016418
4.0,0.5,25,3,3|5|10,85521.87036314397,85471.87036314397,0.15753990275843396,0.5761562094715097,2|5|10,89.49859513016418
4.0,0.5,50,3,3|5|10,85571.87036314397,85471.87036314397,0.15753990275843396,0.5761562094715097,2|5|10,89.49859513016418
4.0,0.5,75,3,3|5|10,85621.87036314397,85471.87036314397,0.15753990275843396,0.5761562094715097,2|5|10,89.49859513016418
4.0,0.5,100,3,3|5|10,85671.87036314397,85471.87036314397,0.15753990275843396,0.5761562094715097,2|5|10,89.49859513016418
4.0,0.5,125,3,3|5|10,85721.87036314397,85471.87036314397,0.15753990275843396,0.5761562094715097,2|5|10,89.49859513016418
4.0,0.5,150,3,3|5|10,85771.87036314397,85471.87036314397,0.15753990275843396,0.5761562094715097,2|5|10,89.49859513016418
4.0,0.5,175,3,3|5|10,85821.87036314397,85471.87036314397,0.15753990275843396,0.5761562094715097,2|5|10,89.49859513016418
4.0,0.5,200,2,4.5|10,85847.69176689579,85647.69176689579,0.37890335531291164,0.574831134694813,2|5|10,113.67719137834501
4.0,0.5,225,2,4.5|10,85872.69176689579,85647.69176689579,0.37890335531291164,0.574831134694813,2|5|10,138.67719137834501
4.0,0.5,250,2,4.5|10,85897.69176689579,85647.69176689579,0.37890335531291164,0.574831134694813,2|5|10,163.67719137834501
4.0,0.5,275,2,4.5|10,85922.69176689579,85647.69176689579,0.37890335531291164,0.574831134694813,2|5|10,188.67719137834501
4.0,0.5,300,2,4.5|10,85947.69176689579,85647.69176689579,0.37890335531291164,0.574831134694813,2|5|10,213.67719137834501
4.0,0.5,325,2,4.5|10,85972.69176689579,85647.69176689579,0.37890335531291164,0.574831134694813,2|5|10,238.67719137834501
4.0,0.5,350,2,4.5|10,85997.69176689579,85647.69176689579,0.37890335531291164,0.574831134694813,2|5|10,263.677191378345
4.0,0.5,375,2,4.5|10,86022.69176689579,85647.69176689579,0.37890335531291164,0.574831134694813,2|5|10,288.677191378345
4.0,0.5,400,2,4.5|10,86047.69176689579,85647.69176689579,0.37890335531291164,0.574831134694813,2|5|10,313.677191378345
4.0,0.5,425,2,4.5|10,86072.69176689579,85647.69176689579,0.37890335531291164,0.574831134694813,2|5|10,338.677191378345
4.0,0.5,450,2,4.5|10,86097.69176689579,85647.69176689579,0.37890335531291164,0.574831134694813,2|5|10,363.677191378345
4.0,0.5,475,2,4.5|10,86122.69176689579,85647.69176689579,0.37890335531291164,0.574831134694813,2|5|10,388.677191378345
4.0,0.5,500,2,4.5|10,86147.69176689579,85647.69176689579,0.37890335531291164,0.574831134694813,2|5|10,413.677191378345
4.0,0.5,525,2,4.5|10,86172.69176689579,85647.69176689579,0.37890335531291164,0.574831134694813,2|5|10,438.677191378345
4.0,0.5,550,2,4.5|10,86197.69176689579,85647.69176689579,0.37890335531291164,0.574831134694813,2|5|10,463.677191378345
4.0,0.5,575,2,4.5|10,86222.69176689579,85647.69176689579,0.37890335531291164,0.574831134694813,2|5|10,488.677191378345
4.0,0.5,600,2,4.5|10,86247.69176689579,85647.69176689579,0.37890335531291164,0.574831134694813,2|5|10,513.677191378345
4.0,1.0,0,3,3|5|10,86305.21926939397,86305.21926939397,0.15753990275843396,0.5761562094715097,2|5|10,150.93484513017756
4.0,1.0,25,3,3|5|10,86355.21926939397,86305.21926939397,0.15753990275843396,0.5761562094715097,2|5|10,150.93484513017756
4.0,1.0,50,3,3|5|10,86405.21926939397,86305.21926939397,0.15753990275843396,0.5761562094715097,2|5|10,150.93484513017756
4.0,1.0,75,3,3|5|10,86455.21926939397,86305.21926939397,0.15753990275843396,0.5761562094715097,2|5|10,150.93484513017756
4.0,1.0,100,3,3|5|10,86505.21926939397,86305.21926939397,0.15753990275843396,0.5761562094715097,2|5|10,150.93484513017756
4.0,1.0,125,3,3|5|10,86555.21926939397,86305.21926939397,0.15753990275843396,0.5761562094715097,2|5|10,150.93484513017756
4.0,1.0,150,3,3|5|10,86605.21926939397,86305.21926939397,0.15753990275843396,0.5761562094715097,2|5|10,150.93484513017756
4.0,1.0,175,2,4.5|10,86645.79817314578,86470.79817314578,0.37890335531291164,0.574831134694813,2|5|10,160.35594137836597
4.0,1.0,200,2,4.5|10,86670.79817314578,86470.79817314578,0.37890335531291164,0.574831134694813,2|5|10,185.35594137836597
4.0,1.0,225,2,4.5|10,86695.79817314578,86470.79817314578,0.37890335531291164,0.574831134694813,2|5|10,210.35594137836597
4.0,1.0,250,2,4.5|10,86720.79817314578,86470.79817314578,0.37890335531291164,0.574831134694813,2|5|10,235.35594137836597
4.0,1.0,275,2,4.5|10,86745.79817314578,86470.79817314578,0.37890335531291164,0.574831134694813,2|5|10,260.35594137836597
4.0,1.0,300,2,4.5|10,86770.79817314578,86470.79817314578,0.37890335531291164,0.574831134694813,2|5|10,285.35594137836597
4.0,1.0,325,2,4.5|10,86795.79817314578,86470.79817314578,0.37890335531291164,0.574831134694813,2|5|10,310.35594137836597
4.0,1.0,350,2,4.5|10,86820.79817314578,86470.79817314578,0.37890335531291164,0.574831134694813,2|5|10,335.35594137836597
4.0,1.0,375,2,4.5|10,86845.79817314578,86470.79817314578,0.37890335531291164,0.574831134694813,2|5|10,360.35594137836597
4.0,1.0,400,2,4.5|10,86870.79817314578,86470.79817314578,0.37890335531291164,0.574831134694813,2|5|10,385.35594137836597
4.0,1.0,425,2,4.5|10,86895.79817314578,86470.79817314578,0.37890335531291164,0.574831134694813,2|5|10,410.35594137836597
4.0,1.0,450,2,4.5|10,86920.79817314578,86470.79817314578,0.37890335531291164,0.574831134694813,2|5|10,435.35594137836597
4.0,1.0,475,2,4.5|10,86945.79817314578,86470.79817314578,0.37890335531291164,0.574831134694813,2|5|10,460.35594137836597
4.0,1.0,500,2,4.5|10,86970.79817314578,86470.79817314578,0.37890335531291164,0.574831134694813,2|5|10,485.35594137836597
4.0,1.0,525,2,4.5|10,86995.79817314578,86470.79817314578,0.37890335531291164,0.574831134694813,2|5|10,510.35594137836597
4.0,1.0,550,2,4.5|10,87020.79817314578,86470.79817314578,0.37890335531291164,0.574831134694813,2|5|10,535.355941378366
4.0,1.0,575,2,4.5|10,87045.79817314578,86470.79817314578,0.37890335531291164,0.574831134694813,2|5|10,560.355941378366
4.0,1.0,600,2,4.5|10,87070.79817314578,86470.79817314578,0.37890335531291164,0.574831134694813,2|5|10,585.355941378366
4.0,2.0,0,3,4.5|9|10,87938.05674282202,87938.05674282202,0.6181690085989199,0.5564172189963954,2|5|10,112.24029983871151
4.0,2.0,25,3,4.5|9|10,87988.05674282202,87938.05674282202,0.6181690085989199,0.5564172189963954,2|5|10,112.24029983871151
4.0,2.0,50,3,4.5|9|10,88038.05674282202,87938.05674282202,0.6181690085989199,0.5564172189963954,2|5|10,112.24029983871151
4.0,2.0,75,3,4.5|9|10,88088.05674282202,87938.05674282202,0.6181690085989199,0.5564172189963954,2|5|10,112.24029983871151
4.0,2.0,100,3,4.5|9|10,88138.05674282202,87938.05674282202,0.6181690085989199,0.5564172189963954,2|5|10,112.24029983871151
4.0,2.0,125,2,5|10,88175.29704266074,88050.29704266074,0.522510597284621,0.5660604743566989,2|5|10,125.0
4.0,2.0,150,2,5|10,88200.29704266074,88050.29704266074,0.522510597284621,0.5660604743566989,2|5|10,150.0
4.0,2.0,175,2,5|10,88225.29704266074,88050.29704266074,0.522510597284621,0.5660604743566989,2|5|10,175.0
4.0,2.0,200,2,5|10,88250.29704266074,88050.29704266074,0.522510597284621,0.5660604743566989,2|5|10,200.0
4.0,2.0,225,2,5|10,88275.29704266074,88050.29704266074,0.522510597284621,0.5660604743566989,2|5|10,225.0
4.0,2.0,250,2,5|10,88300.29704266074,88050.29704266074,0.522510597284621,0.5660604743566989,2|5|10,250.0
4.0,2.0,275,2,5|10,88325.29704266074,88050.29704266074,0.522510597284621,0.5660604743566989,2|5|10,275.0
4.0,2.0,300,2,5|10,88350.29704266074,88050.29704266074,0.522510597284621,0.5660604743566989,2|5|10,300.0
4.0,2.0,325,2,5|10,88375.29704266074,88050.29704266074,0.522510597284621,0.5660604743566989,2|5|10,325.0
4.0,2.0,350,2,5|10,88400.29704266074,88050.29704266074,0.522510597284621,0.5660604743566989,2|5|10,350.0
4.0,2.0,375,2,5|10,88425.29704266074,88050.29704266074,0.522510597284621,0.5660604743566989,2|5|10,375.0
4.0,2.0,400,2,5|10,88450.29704266074,88050.29704266074,0.522510597284621,0.5660604743566989,2|5|10,400.0
4.0,2.0,425,2,5|10,88475.29704266074,88050.29704266074,0.522510597284621,0.5660604743566989,2|5|10,425.0
4.0,2.0,450,2,5|10,88500.29704266074,88050.29704266074,0.522510597284621,0.5660604743566989,2|5|10,450.0
4.0,2.0,475,2,5|10,88525.29704266074,88050.29704266074,0.522510597284621,0.5660604743566989,2|5|10,475.0
4.0,2.0,500,2,5|10,88550.29704266074,88050.29704266074,0.522510597284621,0.5660604743566989,2|5|10,500.0
4.0,2.0,525,2,5|10,88575.29704266074,88050.29704266074,0.522510597284621,0.5660604743566989,2|5|10,525.0
4.0,2.0,550,2,5|10,88600.29704266074,88050.29704266074,0.522510597284621,0.5660604743566989,2|5|10,550.0
4.0,2.0,575,2,5|10,88625.29704266074,88050.29704266074,0.522510597284621,0.5660604743566989,2|5|10,575.0
4.0,2.0,600,2,5|10,88650.29704266074,88050.29704266074,0.522510597284621,0.5660604743566989,2|5|10,600.0
4.0,4.0,0,3,5|9|10,90881.50520888332,90881.50520888332,0.8128502946958864,0.5485766822107853,2|5|10,98.50245019892463
4.0,4.0,25,3,5|9|10,90931.50520888332,90881.50520888332,0.8128502946958864,0.5485766822107853,2|5|10,98.50245019892463
4.0,4.0,50,3,5|9|10,90981.50520888332,90881.50520888332,0.8128502946958864,0.5485766822107853,2|5|10,98.50245019892463
4.0,4.0,75,3,5|9|10,91031.50520888332,90881.50520888332,0.8128502946958864,0.5485766822107853,2|5|10,98.50245019892463
4.0,4.0,100,2,5|10,91080.00765908224,90980.00765908224,0.983305873169434,0.5468169062635835,2|5|10,100.0
4.0,4.0,125,2,5|10,91105.00765908224,90980.00765908224,0.983305873169434,0.5468169062635835,2|5|10,125.0
4.0,4.0,150,2,5|10,91130.00765908224,90980.00765908224,0.983305873169434,0.5468169062635835,2|5|10,150.0
4.0,4.0,175,2,5|10,91155.00765908224,90980.00765908224,0.983305873169434,0.5468169062635835,2|5|10,175.0
4.0,4.0,200,2,5|10,91180.00765908224,90980.00765908224,0.983305873169434,0.5468169062635835,2|5|10,200.0
4.0,4.0,225,2,5|10,91205.00765908224,90980.00765908224,0.983305873169434,0.5468169062635835,2|5|10,225.0
4.0,4.0,250,2,5|10,91230.00765908224,90980.00765908224,0.983305873169434,0.5468169062635835,2|5|10,250.0
4.0,4.0,275,2,5|10,91255.00765908224,90980.00765908224,0.983305873169434,0.5468169062635835,2|5|10,275.0
4.0,4.0,300,2,5|10,91280.00765908224,90980.00765908224,0.983305873169434,0.5468169062635835,2|5|10,300.0
4.0,4.0,325,2,5|10,91305.00765908224,90980.00765908224,0.983305873169434,0.5468169062635835,2|5|10,325.0
4.0,4.0,350,2,5|10,91330.00765908224,90980.00765908224,0.983305873169434,0.5468169062635835,2|5|10,350.0
4.0,4.0,375,2,5|10,91355.00765908224,90980.00765908224,0.983305873169434,0.5468169062635835,2|5|10,375.0
4.0,4.0,400,2,5|10,91380.00765908224,90980.00765908224,0.983305873169434,0.5468169062635835,2|5|10,400.0
4.0,4.0,425,2,5|10,91405.00765908224,90980.00765908224,0.983305873169434,0.5468169062635835,2|5|10,425.0
4.0,4.0,450,2,5|10,91430.00765908224,90980.00765908224,0.983305873169434,0.5468169062635835,2|5|10,450.0
4.0,4.0,475,2,5|10,91455.00765908224,90980.00765908224,0.983305873169434,0.5468169062635835,2|5|10,475.0
4.0,4.0,500,2,5|10,91480.00765908224,90980.00765908224,0.983305873169434,0.5468169062635835,2|5|10,500.0
4.0,4.0,525,2,5|10,91505.00765908224,90980.00765908224,0.983305873169434,0.5468169062635835,2|5|10,525.0
4.0,4.0,550,2,5|10,91530.00765908224,90980.00765908224,0.983305873169434,0.5468169062635835,2|5|10,550.0
4.0,4.0,575,2,5|10,91555.00765908224,90980.00765908224,0.983305873169434,0.5468169062635835,2|5|10,575.0
4.0,4.0,600,2,5|10,91580.00765908224,90980.00765908224,0.983305873169434,0.5468169062635835,2|5|10,600.0
