package_kg,mean_terminal_residual_g,median_terminal_residual_g,p95_terminal_residual_g,zero_residual_probability,household
1.8,74.97,75.0,225.0,0.3647,single_low
2.0,125.17625,125.0,275.0,0.0,single_low
2.1,74.595,75.0,225.0,0.3645,single_low
2.25,75.9525,75.0,225.0,0.36025,single_low
2.4,75.495,75.0,225.0,0.36095,single_low
3.0,74.65875,75.0,225.0,0.36595,single_low
4.5,75.23625,75.0,225.0,0.36245,single_low
5.0,125.56625,125.0,275.0,0.0,single_low
9.0,75.6825,75.0,225.0,0.36195,single_low
10.0,100.06,100.0,250.0,0.0,single_low
1.8,84.23625,75.0,225.0,0.33375,single_average
2.0,132.99875,125.0,275.0,0.0,single_average
2.1,84.1725,75.0,225.0,0.33645,single_average
2.25,83.9325,75.0,225.0,0.33505,single_average
2.4,85.21125,75.0,225.0,0.32915,single_average
3.0,83.17125,75.0,225.0,0.3364,single_average
4.5,83.9775,75.0,225.0,0.33075,single_average
5.0,134.17625,125.0,275.0,0.0,single_average
9.0,83.50875,75.0,225.0,0.33605,single_average
10.0,109.27375,100.0,250.0,0.0,single_average
1.8,130.45125,150.0,300.0,0.2332,two_person_low
2.0,179.37875,200.0,350.0,0.0,two_person_low
2.1,130.24875,150.0,300.0,0.23955,two_person_low
2.25,129.63375,150.0,300.0,0.2361,two_person_low
2.4,129.68625,150.0,300.0,0.23925,two_person_low
3.0,131.55,150.0,300.0,0.2329,two_person_low
4.5,129.465,150.0,300.0,0.2347,two_person_low
5.0,181.00625,200.0,350.0,0.0,two_person_low
9.0,130.8,150.0,300.0,0.23385,two_person_low
10.0,155.58625,175.0,325.0,0.0,two_person_low
1.8,150.69,150.0,375.0,0.2101,two_person_average
2.0,200.29625,200.0,425.0,0.0,two_person_average
2.1,151.18125,150.0,375.0,0.2065,two_person_average
2.25,149.1975,150.0,375.0,0.21245,two_person_average
2.4,149.55375,150.0,375.0,0.2115,two_person_average
3.0,150.2325,150.0,375.0,0.2097,two_person_average
4.5,151.8,150.0,375.0,0.20615,two_person_average
5.0,200.94875,200.0,425.0,0.0,two_person_average
9.0,149.98875,150.0,375.0,0.21145,two_person_average
10.0,174.86125,175.0,400.0,0.0,two_person_average
1.8,212.2125,150.0,600.0,0.28845,family_three
2.0,263.495,200.0,650.0,0.0,family_three
2.1,219.105,150.0,600.0,0.2632,family_three
2.25,218.2875,150.0,600.0,0.2746,family_three
2.4,216.285,150.0,600.0,0.27345,family_three
3.0,214.89,150.0,600.0,0.273,family_three
4.5,215.6175,150.0,600.0,0.27365,family_three
5.0,265.34,200.0,650.0,0.0,family_three
9.0,215.16,150.0,600.0,0.27605,family_three
10.0,315.4225,250.0,700.0,0.0,family_three
1.8,293.6925,300.0,600.0,0.15775,family_four
2.0,377.225,350.0,650.0,0.0,family_four
2.1,311.1225,300.0,750.0,0.2368,family_four
2.25,280.635,300.0,750.0,0.2478,family_four
2.4,275.8125,300.0,750.0,0.21295,family_four
3.0,289.635,300.0,750.0,0.22735,family_four
4.5,293.9025,300.0,750.0,0.211,family_four
5.0,347.2925,350.0,800.0,0.0,family_four
9.0,296.7975,300.0,750.0,0.2069,family_four
10.0,393.8875,400.0,850.0,0.0,family_four
